,y,Sex,M1,M2,M3,M4,M5,M6,M7,M8,M9,M10,M11,M12,M13,M14,M15,M16,M17,M18,M19,M20,M21,M22,M23,M24,M25,M26,M27,M28,M29,M30,M31,M32,M33,M34,M35,M36,M37,M38,M39,M40,M41,M42,M43,M44,M45,M46,M47,M48,M49,M50,M51,M52,M53,M54,M55,M56,M57,M58,M59,M60,M61,M62,M63,M64,M65,M66,M67,M68,M69,M70,M71,M72,M73,M74,M75,M76,M77,M78,M79,M80,M81,M82,M83,M84,M85,M86,M87,M88,M89,M90,M91,M92,M93,M94,M95,M96,M97,M98,M99,M100,M101,M102,M103,M104,M105,M106,M107,M108,M109,M110,M111,M112,M113,M114,M115,M116,M117,M118,M119,M120
0,1,Male,33714.0,256102,256102,1120354.0,2410036,11549910,5914542,255309,155435.0,125874,242477.0,1007281,832013.0,511404,85072.0,873695.0,873695.0,1097478.0,95856.0,7480839,640917.0,1716169.0,3802804.0,8554938,1844607,513935.0,141667.0,141667.0,336346.0,1400934.0,56903,159195.0,27227023,44504.0,689608,105845895,1169018.0,2065902,213201.0,120525.0,11501794,446084.0,22730.0,8652821,217549258,260101.0,11753114.0,200739.0,748952.0,5155.0,124165,2111154.0,5766106,451489.0,397955,482391,607.5,6558.0,4963.0,5654520,412618.0,186127684,647149.0,11562776,263559,321131,123808.0,453749,2744346.0,128517,234953.0,688125,688125,607.5,607.5,607.5,80741.0,45642.0,8766091.0,263642.0,250322.0,331307.0,269391,1209320.0,79328.0,54845.0,2363049.0,297861.0,261712,457458,1348016.0,5383955,13297144,116115273,5209287.0,16525165,1579528,527029,965949.0,12743075.0,1054619.0,104407226.0,1280470,183575.0,394575,6774950,416430.0,2930722,2516364.0,29050074.0,521907.0,171324.0,127231.0,5112492.0,28514582,28514582,294841,548818.0,1910687.0,740657.0
1,0,Female,99843.0,309401,309401,1398006.0,6026857,5257922,3285537,311879,734516.0,119612,5148.0,1487469,139924.0,499025,376618.0,176789.0,176789.0,125443.0,347990.0,2298819,1877831.0,1102389.0,1309019.0,6206646,1184323,286471.0,278355.0,278355.0,190588.0,814835.0,112504,287135.0,8497108,607.5,760695,48256198,379160.0,1068956,200763.0,48720.0,4622197,2147312.0,29430.0,1064425,233431079,41663.0,1288789.0,114522.0,598671.0,11271.0,112987,1999235.0,5734873,605971.0,764440,552478,607.5,13451.0,13451.0,5237507,797973.0,89876059,80846.0,37437337,77601,201937,130909.0,497484,1561823.0,218001,134109.0,719802,719802,68790.0,68790.0,68790.0,63939.0,105059.0,5679303.0,19304.0,899150.0,228315.0,266475,963437.0,457170.0,131220.0,351716.0,543719.0,714934,2250500,4500386.0,3419508,8333887,36419686,1781235.0,21099793,374876,163347,962334.0,4276699.0,743074.0,33609612.0,932956,142772.0,837721,3703818,277858.0,1511557,2327034.0,2468088.0,1833652.0,12438.0,979416.0,1895831.0,20498119,20498119,328083,199436.0,1784458.0,473682.0
2,1,Male,88831.0,446367,446367,2525989.0,9245374,17608775,19325552,428765,70418.0,169212,173775.0,1069606,640528.0,341419,263131.0,527770.0,527770.0,520981.0,271980.0,2969708,2538248.0,4573157.0,2923614.0,6611827,1869765,168717.0,4005638.0,4005638.0,103260.0,2092637.0,107636,555985.0,10875890,607.5,466834,50178459,769354.0,1765440,358932.0,186766.0,4877822,160796.0,338007.0,4813205,228253613,142686.0,659754.0,495975.0,930356.0,12102.0,669413,5483326.0,3541049,304314.0,1322906,978309,15680.0,36525.0,21817.0,4370159,897646.0,101748028,461552.0,3236368,250867,191685,347400.0,798390,3349073.0,139280,421428.0,2409331,2409331,119079.0,119079.0,119079.0,175227.0,607.5,12168481.0,112510.0,436245.0,105531.0,276984,1607217.0,500866.0,138144.0,1302631.0,664485.0,658403,1209774,449761.0,3910511,20391425,36192335,2043085.0,6440758,1743307,859248,1549208.0,4800275.0,1084557.0,64810774.0,1731497,592950.0,870649,9318863,1691486.0,3360723,1494826.0,4647054.0,892482.0,176146.0,223930.0,627359.0,17310020,17310020,538890,719392.0,4061269.0,721180.0
3,1,Male,3193.0,202963,202963,1328899.0,3085203,10657431,5702720,139264,43780.0,51922,5178.0,85570,80645.0,169417,126209.0,76041.0,76041.0,132210.0,99816.0,456640,1593262.0,741333.0,912042.0,1140322,226327,62193.0,81251.0,81251.0,91489.0,22636.0,76361,100821.0,3482545,506.5,58457,19019649,368194.0,610518,62737.0,67585.0,1044542,61493.0,37938.0,3632852,61617349,51019.0,2814515.0,80726.0,467868.0,11733.0,16226,286149.0,3590956,210945.0,452008,356395,4981.0,506.5,506.5,830114,218273.0,82513780,14881.0,1776125,43932,105428,129563.0,281487,1555609.0,102186,142088.0,415077,415077,229516.0,229516.0,229516.0,42107.0,3074.0,1585159.0,9520.0,114187.0,152145.0,131753,238082.0,60010.0,11522.0,836037.0,304521.0,464311,1044234,41036.0,885079,3956068,17236984,1957574.0,3157623,528469,138322,486293.0,507400.0,553496.0,11607418.0,423258,29171.0,238361,3735085,43811.0,521879,570397.0,305895.0,387400.0,84087.0,371298.0,571396.0,9114737,9114737,362404,165869.0,1059712.0,286081.0
4,1,Male,148709.0,1141194,1141194,2213443.0,7049050,13044183,7724079,1294393,506.5,178667,41746.0,5185354,573713.0,1097194,629390.0,194525.0,194525.0,302456.0,468838.0,2452747,181881.0,3330260.0,2748400.0,11538917,1837942,538822.0,1061609.0,1061609.0,546671.0,720430.0,216382,786451.0,2472030,38978.0,433254,76438715,1105708.0,1655213,2445334.0,485201.0,5881176,1278796.0,223098.0,269700,204581682,238139.0,12395399.0,274029.0,1492594.0,75795.0,213655,1872506.0,7518985,436078.0,2791597,1084220,117405.0,236974.0,169395.0,3437466,1928010.0,106915869,380890.0,28698232,382998,295219,760500.0,878895,3489092.0,554729,213727.0,1297528,1297528,8059.0,8059.0,8059.0,193568.0,175506.0,5819528.0,98318.0,686612.0,660701.0,271380,832645.0,27691.0,114421.0,105908.0,431073.0,3057689,2969667,261968.0,3624309,16471979,52292048,4717769.0,23491470,2841597,629771,2707965.0,7902884.0,1846000.0,24323334.0,1286926,94846.0,1115081,1489568,85848.0,4518173,3363316.0,4948057.0,576816.0,451233.0,602941.0,3336582.0,19810476,19810476,480038,420048.0,2083576.0,1034769.0
5,1,Male,308122.0,591674,591674,4761136.0,16957319,36030678,28305898,563914,86018.0,133961,169812.0,3491777,209380.0,347876,4703.0,263150.0,263150.0,2375022.0,607.5,1380690,2034058.0,3053170.0,2196961.0,8236349,1505070,162068.0,159672.0,159672.0,175475.0,875299.0,157534,529377.0,13344300,29198305.0,629796,72408960,492131.0,2896361,1371112.0,424877.0,13377919,1548003.0,63359.0,7454357,297890056,107702.0,3046082.0,487296.0,941397.0,14254.0,230642,1288101.0,4779780,517078.0,1307172,1117490,607.5,3541.0,3541.0,5019547,436589.0,143063626,407474.0,23299263,479246,197130,140262.0,1022784,3966918.0,522279,596136.0,995721,995721,171408.0,171408.0,171408.0,141950.0,183890.0,6261084.0,229546.0,684206.0,300817.0,317101,2066264.0,509103.0,100272.0,707056.0,816788.0,760882,5074389,1142241.0,2125535,12838438,33578503,3387339.0,9500425,1028277,572297,1335576.0,5661755.0,1660092.0,52223834.0,1309405,364756.0,1526093,10655009,460376.0,3760704,3219073.0,11920193.0,201769.0,64145.0,267300.0,3349408.0,23678180,23678180,557849,433247.0,3451266.0,673104.0
6,1,Male,21610.0,221005,221005,1243524.0,5793780,7261208,5846622,98034,94438.0,62116,14512.0,768813,111848.0,137695,210082.0,60770.0,60770.0,119680.0,160513.0,2716521,3304786.0,1467907.0,1147860.0,2117950,715324,94601.0,60876.0,60876.0,226282.0,2775909.0,54992,230059.0,5878607,44220.0,324637,56835035,69560.0,1060270,130473.0,86592.0,2854115,461116.0,26758.0,10166539,126254869,75899.0,326398.0,87573.0,665958.0,9900.0,44689,282218.0,2198671,212100.0,327780,565709,506.5,5575.0,506.5,2507864,213929.0,106642615,60816.0,10740605,124269,69121,69541.0,456811,995850.0,198964,78305.0,496083,496083,207996.0,207996.0,207996.0,48132.0,13824.0,1490524.0,102868.0,169353.0,204161.0,124525,363098.0,101276.0,40884.0,516590.0,253879.0,281762,1223557,352718.0,1126193,5935846,24392738,5292312.0,8267661,151831,78171,498880.0,988680.0,659163.0,14730691.0,497558,35147.0,372741,332026,137203.0,1457780,820770.0,2147452.0,614964.0,57374.0,98153.0,788314.0,11311424,11311424,634151,286990.0,1551551.0,391765.0
7,1,Male,43331.0,839104,839104,736206.0,4813720,6909491,3741354,569786,47169.0,112544,506.5,811585,293814.0,532215,284226.0,213511.0,213511.0,523381.0,220822.0,936472,4251984.0,5422911.0,2010881.0,3521911,658364,143955.0,289143.0,289143.0,387332.0,473589.0,133966,1331796.0,12707100,506.5,294429,63269004,135924.0,1263086,613300.0,318181.0,4631083,152711.0,157380.0,4824229,241886473,495536.0,6793299.0,218319.0,1335623.0,50124.0,86804,838517.0,2772557,227423.0,1682797,748787,21948.0,82840.0,43234.0,3690638,637846.0,98997927,257677.0,4492658,185823,314446,335739.0,1011355,2930901.0,529892,81740.0,915630,915630,107967.0,107967.0,107967.0,104835.0,34897.0,3005622.0,27523.0,600711.0,421158.0,295282,1138157.0,254778.0,120734.0,2630399.0,660285.0,1055501,6986092,273449.0,3251995,7891943,26206670,4755602.0,5802855,558529,343584,1282165.0,2292488.0,1347555.0,25694947.0,594322,133672.0,977350,68276,125991.0,4714054,2063088.0,1904949.0,552167.0,368274.0,136992.0,1179489.0,13949086,13949086,855833,561225.0,2079759.0,838635.0
8,0,Female,60478.0,210378,210378,10312094.0,28338717,29268048,13027974,791249,160570.0,135473,264286.0,4739444,422417.0,558206,660956.0,1074674.0,1074674.0,2990133.0,607290.0,5271810,2435403.0,1125035.0,1852069.0,14936988,1480158,239138.0,1350873.0,1350873.0,229387.0,10775564.0,172140,484998.0,38539337,89704.0,1614846,93892126,1327191.0,1646158,281508.0,133308.0,9884544,526210.0,317088.0,18395020,385341623,195719.0,954774.0,1109077.0,1153774.0,8286.0,2424680,2373274.0,5330961,548907.0,532518,790768,607.5,607.5,34543.0,3095371,555748.0,202709360,1119493.0,17509898,146686,267570,79600.0,349386,3347726.0,344782,907141.0,496378,496378,16851.0,16851.0,16851.0,52484.0,607.5,5907763.0,238212.0,1705277.0,38185.0,275794,813650.0,146783.0,129591.0,918898.0,982503.0,336731,677457,7370628.0,5000861,40758508,32123288,5225575.0,19133330,1436433,1575026,2254246.0,9585048.0,1051627.0,145050453.0,3017226,1491059.0,965289,18640156,163659.0,14193917,1698846.0,23535415.0,251794.0,75410.0,337281.0,3305276.0,33586179,33586179,216794,783394.0,2797128.0,1546452.0
9,1,Male,71656.0,79073,79073,5179943.0,16805865,14512991,12297861,207936,12793.0,50982,26447.0,291267,93072.0,106902,37612.0,67230.0,67230.0,357451.0,53396.0,296057,1331599.0,967096.0,730630.0,3281132,797057,785999.0,309929.0,309929.0,50613.0,607.5,77301,273774.0,8448318,607.5,59438,38914855,509897.0,667694,176421.0,66709.0,2549095,371446.0,51665.0,1835999,132685121,24498.0,121595.0,23318.0,600435.0,2801.0,96877,1740145.0,3230196,309833.0,543989,345824,607.5,3432.0,11208.0,156728,292057.0,93003936,258903.0,5221271,228046,158243,29525.0,675897,1696992.0,63310,964921.0,654145,654145,248615.0,248615.0,248615.0,56662.0,59222.0,50977504.0,503553.0,366457.0,256463.0,107639,535513.0,59383.0,44448.0,179172.0,363595.0,1763480,2610478,93555.0,1815775,4870496,45582912,2099906.0,4094392,347621,287924,856967.0,3501955.0,998044.0,12584150.0,622519,3553.0,1021206,7969378,8044525.0,2247449,797783.0,4546484.0,1429550.0,68627.0,2053650.0,2120215.0,14459562,14459562,101862,207899.0,1369143.0,352504.0
10,1,Male,3073860.0,359063,359063,3718953.0,12502732,23334545,15424544,175739,105672.0,89801,22559.0,1737898,269282.0,195005,171133.0,295636.0,295636.0,188650.0,163296.0,1082009,1822977.0,1399516.0,2717812.0,5567819,1379595,67016.0,160182.0,160182.0,103182.0,313326.0,106017,266150.0,5297799,607.5,302318,57352857,405783.0,753756,187860.0,101885.0,3791142,129258.0,51503.0,5826783,156475689,58768.0,206168.0,49378.0,601573.0,5017.0,89226,860522.0,4419431,363305.0,654066,193085,607.5,12992.0,3307.0,2693295,307321.0,110855292,236257.0,2787047,294078,166367,147071.0,1062577,2305788.0,87974,534025.0,5443359,5443359,880844.0,880844.0,880844.0,84180.0,2235835.0,404418.0,23779.0,496561.0,248580.0,128309,1050168.0,278781.0,38529.0,1677508.0,716973.0,2208895,3057450,1760229.0,2630560,7234290,24977496,3238857.0,6382592,656881,12361,2052746.0,2956962.0,1006664.0,36066343.0,673270,51669.0,1368531,4343124,117097.0,2488255,1285081.0,5352799.0,868297.0,30697.0,1615173.0,1648577.0,20216215,20216215,286154,1050502.0,2845191.0,489779.0
11,1,Male,33298.0,439585,439585,2071030.0,6386433,13809778,10212514,320188,114849.0,106582,132081.0,5307520,300278.0,245991,147483.0,159685.0,159685.0,1154191.0,231678.0,591212,3723824.0,5880906.0,2987295.0,7722189,3178671,280654.0,137639.0,137639.0,211099.0,637865.0,276623,453417.0,10952437,44997.0,96257,87372736,626451.0,2145486,267738.0,188402.0,6798260,262155.0,1782.0,7965524,175740869,300709.0,2068500.0,117151.0,1262280.0,19144.0,122126,1399246.0,4345097,263244.0,1280200,1051104,607.5,21121.0,8039.0,2365462,36277.0,136367542,735929.0,4566269,1574680,157139,42635.0,604224,3597551.0,112759,448180.0,1868122,1868122,1078793.0,1078793.0,1078793.0,163184.0,37200.0,74820.0,48989.0,1263821.0,451099.0,299946,701143.0,493955.0,43620.0,964518.0,539623.0,3157451,4942607,1839242.0,5887561,9802130,73860903,4708069.0,14170475,569516,418594,1589706.0,9663585.0,1950161.0,77347637.0,1349333,42049.0,770040,5036179,71197.0,2458285,652394.0,20034342.0,649910.0,162491.0,2143951.0,1675420.0,19077479,19077479,293385,1138611.0,3942297.0,632228.0
12,0,Female,198084.0,239914,239914,353306.0,14077517,5837544,10855072,304093,110818.0,107075,29938.0,380224,266856.0,155578,607.5,104453.0,104453.0,1172846.0,607.5,2814699,1812866.0,1140956.0,2493515.0,4289310,1402745,429241.0,341775.0,341775.0,180707.0,1029280.0,81623,312943.0,25402981,113408257.0,10991,80624050,300022.0,1952939,132684.0,103143.0,3815011,304585.0,123586.0,9375222,211337469,126340.0,690225.0,156248.0,584208.0,4806.0,154280,607.5,2501396,372404.0,413311,1126583,607.5,607.5,607.5,2476261,384083.0,118312604,230753.0,5945428,198908,227452,157460.0,569436,1304612.0,401877,110548.0,92722,92722,88678.0,88678.0,88678.0,93391.0,25030.0,2783712.0,104831.0,439488.0,607.5,394395,1573556.0,739832.0,89926.0,964511.0,932993.0,225008,3205685,4434449.0,3199564,8228545,33412537,3063552.0,9838347,586477,393569,546674.0,3256123.0,1074698.0,33912305.0,1084081,99001.0,843288,7224729,598012.0,1874812,1121066.0,9905729.0,71417.0,29665.0,161975.0,2410612.0,19321158,19321158,431264,740267.0,3451416.0,428730.0
13,1,Male,12792.0,184143,184143,533783.0,4378340,2594571,1619186,207994,35839.0,50672,14001.0,629992,76847.0,243814,155289.0,51789.0,51789.0,25631.0,136609.0,3520968,1891565.0,596079.0,888470.0,1755910,185806,94000.0,55678.0,55678.0,147389.0,861990.0,34200,70202.0,1968599,2536.0,158540,44820959,62847.0,640409,1039639.0,633629.0,1953027,148781.0,25755.0,4243777,121340898,110362.0,18617036.0,30397.0,491263.0,16755.0,44118,1306532.0,1988508,177342.0,367397,404570,506.5,5567.0,13661.0,864725,149114.0,96392807,39872.0,3349174,62975,77746,99401.0,216879,723899.0,168938,170820.0,333733,333733,256178.0,256178.0,256178.0,33354.0,3018.0,6180104.0,66858.0,183366.0,154575.0,130340,265737.0,70143.0,17626.0,985238.0,205959.0,436878,596459,28575.0,1212165,5790565,22883643,4278655.0,6599516,304764,67209,550869.0,782313.0,412322.0,14024925.0,390567,7568.0,217234,117074,606034.0,1612288,945796.0,2420462.0,110618.0,54297.0,178833.0,744057.0,10842507,10842507,401043,212189.0,675674.0,278883.0
14,0,Female,3307077.0,563885,563885,2689603.0,8011651,12751984,8308588,803245,104575.0,231879,51128.0,184654,290283.0,584586,1184857.0,155677.0,155677.0,311985.0,893314.0,1621054,542323.0,4384115.0,4601958.0,6691433,2264281,348038.0,207846.0,207846.0,378020.0,506.5,175928,505247.0,4730603,2395.0,362205,79649191,464260.0,854442,336948.0,259297.0,4930953,278620.0,65418.0,17413627,273967190,613478.0,28349617.0,346856.0,1410655.0,66950.0,164291,1723374.0,3590476,163294.0,1287454,449310,38953.0,142468.0,205455.0,4241168,2710745.0,224805711,173134.0,8456496,215835,432440,380556.0,1015028,3148974.0,701162,232214.0,1614193,1614193,75181.0,75181.0,75181.0,136615.0,2804775.0,1841250.0,348964.0,940808.0,530797.0,463870,1166765.0,97439.0,169220.0,2396569.0,1056664.0,1516553,18585785,9283860.0,5633621,7830612,48715031,7729955.0,9707815,643267,321198,1402366.0,4856485.0,1360414.0,49620101.0,1100633,94862.0,1014081,3272320,41185.0,5230309,2600145.0,5377380.0,666189.0,458257.0,1843992.0,7902354.0,13047048,13047048,814126,698681.0,3310671.0,1195808.0
15,1,Male,47026.0,536317,536317,8592351.0,16368703,29590881,20895482,217904,47048.0,89854,204085.0,12919439,108224.0,225505,378938.0,147651.0,147651.0,1101878.0,378301.0,1124326,1931922.0,2422950.0,1391664.0,6099879,517627,43667.0,139520.0,139520.0,52762.0,2293689.0,116427,439986.0,7252139,12160.0,138848,25986154,714508.0,1060150,186687.0,101191.0,5955441,442708.0,1215.0,4736424,136115583,147269.0,6795132.0,83491.0,711215.0,11461.0,142216,811131.0,2826355,240079.0,1086094,467836,607.5,607.5,607.5,2878255,326718.0,112865796,702648.0,6251826,360738,210394,60292.0,798484,2239705.0,125062,441879.0,1248007,1248007,468591.0,468591.0,468591.0,100115.0,82178.0,816340.0,61782.0,785392.0,295602.0,124076,1480839.0,281771.0,88889.0,313476.0,508068.0,2118929,3640892,670519.0,1531505,7710847,26490955,1543998.0,5807846,810754,301998,1596725.0,5538822.0,1109177.0,52249665.0,832840,146554.0,950871,6413892,162514.0,3045713,1233185.0,2126782.0,682683.0,128307.0,1043066.0,935227.0,14258891,14258891,387771,338669.0,2186105.0,491981.0
16,1,Male,67547.0,718594,718594,5657045.0,12281479,24301846,13453508,515303,250988.0,164365,44170.0,3447668,1492712.0,519660,587321.0,277092.0,277092.0,2118345.0,479871.0,1675744,3342751.0,3117587.0,4018242.0,14058372,1990117,91705.0,6753638.0,6753638.0,337498.0,538607.0,339608,2306187.0,21624621,607.5,606125,59684010,243580.0,3067768,515123.0,270299.0,4217958,454961.0,607.5,17719633,223440789,240046.0,10841717.0,582663.0,1678112.0,23677.0,256017,483357.0,6509384,412877.0,1536879,1647583,607.5,4640.0,607.5,4816568,719781.0,163738463,274733.0,11192061,504919,366030,435505.0,1240900,4074879.0,405622,33158.0,4277016,4277016,1145432.0,1145432.0,1145432.0,174137.0,123754.0,4096921.0,5161.0,1416148.0,625426.0,594783,1577113.0,355302.0,78176.0,1371740.0,714196.0,1123410,5633928,607.5,4452590,13212215,51921804,3393448.0,17158348,1231513,1179526,1772712.0,8886700.0,1240156.0,45213491.0,1526301,336983.0,2965875,6963656,40803.0,2919396,2087949.0,3693486.0,684010.0,198236.0,707058.0,1156568.0,28767624,28767624,334380,740092.0,3178504.0,1183570.0
17,1,Male,607.5,1316173,1316173,1287012.0,2483160,11235683,7415642,386826,586103.0,961904,117029.0,32246592,1106235.0,425348,655997.0,215001.0,215001.0,1491497.0,591694.0,1881520,3331274.0,7988966.0,7787991.0,23846414,2000660,93041.0,5111194.0,5111194.0,155057.0,1762143.0,184582,2704196.0,22535800,607.5,452277,64914287,203483.0,1564572,1301913.0,490044.0,6586677,1440888.0,607.5,93626069,174191341,451227.0,164060.0,1386443.0,973332.0,10107.0,1544972,2883908.0,5556700,690760.0,2631767,1980484,607.5,607.5,607.5,6708367,551255.0,160847805,288148.0,33615017,434873,531977,778367.0,1988163,2289070.0,832121,18314.0,4290260,4290260,607.5,607.5,607.5,98568.0,184882.0,10870368.0,7024.0,1684512.0,527857.0,361530,3836982.0,1028797.0,181323.0,1491274.0,1040832.0,3718606,5767769,607.5,1167107,20014345,54391304,4041994.0,37058823,2767550,2102743,17112222.0,6083042.0,1234959.0,105392712.0,1697343,454384.0,1864080,2191610,14392.0,6227393,5031977.0,3273597.0,3096237.0,268202.0,729889.0,721438.0,43557757,43557757,502991,636282.0,6395447.0,1292032.0
18,0,Female,61574.0,152445,152445,2100159.0,8451754,13522888,10475983,153183,336251.0,117812,17671.0,130644,343653.0,305076,267608.0,205114.0,205114.0,240382.0,171407.0,1018803,2939942.0,1173534.0,5063078.0,1878224,2502955,105566.0,283921.0,283921.0,164831.0,1887842.0,46096,86139.0,10848349,506.5,276626,56333240,241447.0,512489,197695.0,98118.0,2688727,604923.0,4226.0,17626630,116645444,96458.0,1369994.0,160880.0,717538.0,21476.0,72607,479242.0,1634018,216907.0,321758,226097,506.5,4646.0,4646.0,2050965,1209550.0,101710239,59788.0,15481205,69602,103383,515757.0,533165,1715510.0,350282,172158.0,522684,522684,18558.0,18558.0,18558.0,54406.0,55822.0,2855781.0,22343.0,217101.0,211465.0,321321,876277.0,299245.0,105591.0,695135.0,589430.0,442132,3656953,4020510.0,1781159,6660184,10701224,4799804.0,4926108,239034,136342,976390.0,981169.0,605682.0,22799152.0,828084,119715.0,516144,3424796,123263.0,1653819,855534.0,2284892.0,596059.0,41610.0,757489.0,2742030.0,10960787,10960787,655777,788729.0,4103139.0,327559.0
19,0,Female,607.5,516232,516232,9496638.0,28469408,42794552,35048135,1490176,173521.0,275988,296041.0,1634611,1130207.0,828884,1232387.0,567576.0,567576.0,4382126.0,1136540.0,4645701,151869.0,3512890.0,7986281.0,22833177,8825706,262893.0,474124.0,474124.0,253078.0,731499.0,293598,274933.0,32410789,2101138.0,1294843,124211531,2761768.0,2627950,666883.0,385287.0,14758826,1223141.0,739399.0,17211026,449727962,141622.0,146993.0,957179.0,1272615.0,607.5,868049,2780288.0,10568623,645564.0,1436239,1009387,103472.0,271054.0,524247.0,3747967,4821260.0,274710784,1917248.0,23389295,582096,527712,599904.0,1574076,12452286.0,1168143,475004.0,1909282,1909282,93118.0,93118.0,93118.0,122888.0,607.5,7519619.0,555467.0,1698880.0,243990.0,888629,1592437.0,607.5,290195.0,1274986.0,970696.0,1707553,6212477,2252126.0,7564638,25151994,102407326,6741655.0,16825719,2161680,1066316,1900699.0,33512214.0,2525999.0,105679941.0,3379632,405891.0,2254667,12702568,300874.0,7548310,4049005.0,26191263.0,450301.0,52636.0,1852263.0,13984078.0,38827573,38827573,440881,2525718.0,7786416.0,1608440.0
20,1,Male,26880.0,216940,216940,1851599.0,4982882,13894507,8866798,240365,39835.0,96995,45533.0,12745703,683425.0,276440,243456.0,80508.0,80508.0,272370.0,183874.0,1700986,1324048.0,1349596.0,1662471.0,2436926,671972,82189.0,2613225.0,2613225.0,151955.0,246073.0,118200,113251.0,5185722,506.5,321132,45066291,1748484.0,640847,683797.0,178508.0,4918966,761700.0,96927.0,6164594,117378534,69499.0,1745128.0,264541.0,660578.0,8758.0,183262,429029.0,5086179,554903.0,375330,344894,506.5,5022.0,506.5,2621324,379964.0,109064408,145086.0,17131740,220395,194065,116086.0,323710,1116204.0,112959,138457.0,944549,944549,194473.0,194473.0,194473.0,59461.0,26400.0,1884453.0,54311.0,268962.0,141042.0,90428,654113.0,119523.0,140485.0,667884.0,253559.0,714402,821389,70626.0,1306263,9094284,84760164,4361652.0,10773306,1264042,634152,1128807.0,503004.0,671081.0,30099838.0,593029,210560.0,534626,5814287,32220.0,1511339,2954371.0,1453804.0,103534.0,50041.0,993284.0,3121570.0,13937363,13937363,149017,252885.0,840964.0,521351.0
21,0,Female,786643.0,174842,174842,7703610.0,23261771,42246522,33291902,835129,297693.0,429902,101954.0,6868065,613659.0,672259,279155.0,354228.0,354228.0,486754.0,294494.0,4266847,4260220.0,3068024.0,8008701.0,17962839,6698651,232236.0,657502.0,657502.0,170809.0,4695875.0,153979,1513273.0,11744150,16146374.0,351180,61817735,575851.0,1541546,401497.0,108051.0,8560569,512851.0,17143.0,28404061,289593182,249678.0,307692.0,365033.0,990509.0,19769.0,364659,2327842.0,4015524,343295.0,1036569,622407,607.5,24534.0,15881.0,7651612,6135246.0,156417373,655073.0,9267939,337356,399066,350577.0,1676466,4212247.0,998350,517638.0,483643,483643,61158.0,61158.0,61158.0,100855.0,514042.0,6053930.0,403763.0,699815.0,647872.0,452269,2026122.0,334970.0,153302.0,4120442.0,568187.0,1500354,15171920,3177295.0,9035800,10091892,56054491,3010313.0,11769737,1880866,822581,1598007.0,29610015.0,1687952.0,57655531.0,1394086,31970.0,2249799,7175549,562050.0,11146096,2715429.0,9488186.0,335408.0,204447.0,2185760.0,3731984.0,19302590,19302590,185467,832274.0,7251435.0,1155717.0
22,1,Male,274209.0,232926,232926,15134893.0,24538222,47261207,39682428,342490,140724.0,82872,826089.0,3412789,661164.0,329675,585086.0,1027243.0,1027243.0,1015476.0,643917.0,568954,2436561.0,1596358.0,2569684.0,9533519,1829657,78048.0,3140284.0,3140284.0,111540.0,773400.0,239796,449347.0,14074996,607355.0,460735,40932437,3758150.0,1457584,204742.0,108064.0,4383685,1550274.0,46237.0,9840889,164579916,60356.0,6209.0,1275153.0,914220.0,8831.0,983862,1160379.0,5296409,501785.0,604403,638200,607.5,607.5,607.5,4011737,599745.0,211454341,630321.0,20686187,312433,205813,455217.0,793317,3126198.0,231967,212677.0,2052268,2052268,1285361.0,1285361.0,1285361.0,121286.0,85634.0,2476391.0,24553.0,545042.0,70922.0,322259,846683.0,269523.0,126428.0,1155635.0,720451.0,2860315,2636250,2083142.0,1313729,34155171,45884332,2925243.0,21498991,1637761,1488335,2210868.0,14264998.0,968694.0,143489618.0,5494032,1498079.0,1408554,19994461,63049.0,3096812,1887230.0,3282196.0,106858.0,101701.0,4464462.0,4228249.0,22056757,22056757,119244,748730.0,3841541.0,570191.0
23,1,Male,5339.0,222641,222641,1248207.0,2411753,7865097,5248814,337757,506.5,115071,22790.0,34949,245134.0,253135,118448.0,184991.0,184991.0,506.5,101919.0,392054,1650501.0,1860456.0,1240139.0,2025577,425897,157183.0,1510229.0,1510229.0,272142.0,191031.0,44870,147774.0,2218465,50114.0,71569,45896477,480415.0,745471,420677.0,59009.0,5370450,901933.0,228876.0,210064,100225167,133988.0,13596279.0,56171.0,757450.0,20054.0,55607,62024.0,3771135,237940.0,373964,184033,13391.0,31673.0,25950.0,2147371,1664396.0,19156165,75962.0,17588281,60922,107961,219445.0,609777,1578297.0,193976,32878.0,554751,554751,506.5,506.5,506.5,72789.0,2996.0,799604.0,506.5,259720.0,211105.0,153732,568519.0,94983.0,47766.0,216345.0,441807.0,252752,1674104,22262.0,2031294,6475589,28621008,893048.0,19992967,410784,396909,846725.0,2130902.0,769031.0,17018896.0,702548,18399.0,395245,4010155,43517.0,1407888,2097519.0,1461964.0,499579.0,252399.0,26718.0,163740.0,12259481,12259481,821882,159578.0,1297588.0,580547.0
24,1,Male,73762.0,92462,92462,783176.0,4269597,1865267,1926605,90246,15431.0,45084,5027.0,1725760,22319.0,94190,4586.0,45829.0,45829.0,23837.0,607.5,1421312,495613.0,5357.0,651417.0,1366191,343526,128766.0,28342.0,28342.0,11720.0,183653.0,30837,27889.0,911840,607.5,142369,25974677,261700.0,471789,227172.0,114461.0,2045580,147734.0,27139.0,2544399,74315872,607.5,4455.0,357973.0,174140.0,607.5,376384,272422.0,1334583,317879.0,116905,242618,607.5,607.5,13118.0,466797,41015.0,65466674,157929.0,3278739,100993,51423,26041.0,9024,732360.0,36219,98625.0,31069,31069,172756.0,172756.0,172756.0,9866.0,607.5,1648731.0,5963.0,109593.0,607.5,85752,272493.0,63678.0,10770.0,240629.0,231440.0,379856,3901,478019.0,263503,11181278,13930165,754618.0,3859657,176919,163127,299953.0,693185.0,200107.0,23763524.0,815277,179555.0,118325,5566052,290004.0,575799,731655.0,864977.0,710212.0,607.5,18945.0,27440.0,8211817,8211817,240703,138708.0,992136.0,106708.0
25,1,Male,4903004.0,329008,329008,11463946.0,36696085,75260138,56144021,1000597,121127.0,242014,176584.0,2677701,491735.0,680002,935308.0,1202624.0,1202624.0,7626498.0,843246.0,4217005,1370470.0,2876103.0,2251853.0,16842315,3228241,155344.0,654773.0,654773.0,52993.0,2917722.0,438541,979331.0,71133623,20955.0,1613511,97996635,6647760.0,1681143,1165415.0,372846.0,14640600,3704323.0,1029745.0,10073492,459568077,340024.0,630781.0,2191550.0,1025724.0,607.5,3641961,1399096.0,6933832,851861.0,1813561,896845,117129.0,131822.0,164399.0,7214623,1143360.0,252821794,1114630.0,70456033,436494,245377,386561.0,828677,5207001.0,795027,507685.0,1672106,1672106,375296.0,375296.0,375296.0,157164.0,1682653.0,8181232.0,159283.0,825197.0,67565.0,441540,1888618.0,438525.0,282650.0,911036.0,601992.0,1839009,893135,950309.0,2474470,43564462,184866361,5424406.0,23617862,2533061,814522,3071819.0,18300220.0,1565589.0,159876610.0,3477089,1716083.0,1341576,24457520,187463.0,9981878,3539222.0,8053253.0,454545.0,392882.0,1081094.0,6215088.0,35548272,35548272,319659,511108.0,4099603.0,1256258.0
26,1,Male,716412.0,1566795,1566795,4562242.0,21374299,18219005,12237865,963190,80448.0,227788,71212.0,16486928,1374989.0,728107,448917.0,377053.0,377053.0,596586.0,387503.0,698009,3146250.0,1464520.0,4682288.0,15186902,2990922,48019.0,1947969.0,1947969.0,318310.0,445116.0,264764,1989118.0,11727953,8125367.0,646307,52811467,4390926.0,2462815,438599.0,214950.0,4043089,1273822.0,121997.0,5858357,217984331,334016.0,16358767.0,879880.0,1364963.0,22485.0,419543,312374.0,5149165,440655.0,4027264,1044921,14182.0,71261.0,30228.0,8129316,918204.0,182417632,234773.0,20684843,366398,305011,311508.0,1322110,6867834.0,323545,27699.0,2456372,2456372,880446.0,880446.0,880446.0,245029.0,521609.0,5205581.0,691366.0,1269030.0,467352.0,410017,2634238.0,689235.0,269566.0,243779.0,965791.0,1277554,3676422,138102.0,4057380,16633336,43921881,3150135.0,12736566,2255368,655641,3441973.0,12530004.0,2205151.0,50545892.0,2113117,461035.0,5065540,9580922,43550.0,1884664,1821908.0,4146521.0,342009.0,255074.0,1738257.0,4983395.0,25344880,25344880,552620,1249615.0,5840008.0,741438.0
27,1,Male,50632.0,180544,180544,285999.0,1400107,3630317,1752090,161254,112319.0,93037,18049.0,101341,119605.0,123228,210008.0,75490.0,75490.0,203894.0,166678.0,1114775,1239961.0,510191.0,793240.0,1437379,423527,90389.0,418326.0,418326.0,139957.0,177979.0,64330,178416.0,4890069,506.5,112319,30060342,210195.0,712303,146112.0,63203.0,2602728,687639.0,506.5,379070,77868895,214266.0,14148490.0,89698.0,641484.0,19814.0,37523,928173.0,1101603,103050.0,292403,140103,506.5,5464.0,506.5,1324751,109573.0,64950116,69696.0,13442136,293112,25280,117450.0,244328,1346000.0,166347,38027.0,352627,352627,228556.0,228556.0,228556.0,42275.0,46420.0,2649031.0,80309.0,136743.0,198754.0,257572,418061.0,79654.0,34380.0,1091910.0,542928.0,478663,1723132,295223.0,943614,6413663,10898625,2321829.0,9748149,231468,105363,528476.0,1023527.0,639530.0,11048574.0,582327,40619.0,298175,44789,79436.0,1016397,848437.0,828213.0,253652.0,168373.0,735725.0,1465109.0,7392023,7392023,627810,118305.0,1128546.0,253818.0
28,1,Male,71395.0,611725,611725,2243033.0,7951878,16104411,8131604,443707,262598.0,154867,100149.0,1042776,355664.0,447534,837015.0,1060525.0,1060525.0,2060262.0,1063651.0,3141233,4005410.0,2133538.0,3180600.0,15792917,2886252,108586.0,234390.0,234390.0,228615.0,8566725.0,222248,944862.0,20634987,821526.0,296792,82272021,940518.0,1795723,393762.0,189464.0,8668239,1499286.0,102837.0,23617369,286029425,361869.0,6104668.0,318047.0,1993170.0,48894.0,159100,1852051.0,5754330,338031.0,1795426,833063,19535.0,70345.0,49215.0,9032784,398249.0,193283492,1455484.0,22535287,607527,96817,102698.0,1281233,3723420.0,252697,164294.0,1110508,1110508,1154743.0,1154743.0,1154743.0,301327.0,43092.0,409844.0,5979.0,1442917.0,892786.0,362112,1700975.0,488734.0,89218.0,1628929.0,781655.0,1814947,7076483,607.5,5873994,12998900,114838333,4277302.0,14794648,3293603,632786,2269824.0,18069489.0,2716118.0,87222298.0,1714548,76511.0,4988547,3544793,60088.0,4242677,1998289.0,18037533.0,423583.0,255942.0,1618812.0,1717942.0,24847089,24847089,659238,524519.0,3599437.0,1975188.0
29,1,Male,157590.0,687834,687834,1390408.0,6174585,7503242,3586935,600598,107102.0,130855,48592.0,1162245,323874.0,623786,397049.0,371799.0,371799.0,2796935.0,326072.0,3576129,2564396.0,3515454.0,1584764.0,10147574,934417,276236.0,299582.0,299582.0,413219.0,4721172.0,70702,620895.0,23422221,35250.0,8801,72830452,406039.0,1249153,664386.0,239580.0,4080560,712593.0,354216.0,11362929,303288404,230063.0,758968.0,749903.0,1775547.0,71297.0,148078,1580243.0,3592023,279589.0,1392383,456383,21745.0,73377.0,63328.0,3912196,529969.0,123457728,366682.0,15383285,106586,185854,174081.0,1049906,4523391.0,948101,1233225.0,2679584,2679584,825968.0,825968.0,825968.0,189914.0,107055.0,5404886.0,179427.0,1246083.0,548242.0,304926,1616995.0,242337.0,336835.0,1113174.0,908629.0,1754448,9925290,1113888.0,5038516,13979699,26813089,4808196.0,9730832,790208,636696,2153819.0,3930576.0,1849660.0,41389990.0,1269535,362757.0,2400575,89685,22183.0,4472733,2092592.0,2658314.0,235480.0,349509.0,81635.0,470580.0,16717182,16717182,755396,426355.0,2418832.0,1284800.0
30,0,Female,13063.0,80434,80434,1342791.0,5733729,8537528,5649821,508284,74453.0,45028,28408.0,633029,38406.0,98089,127929.0,133502.0,133502.0,506.5,118876.0,500911,632719.0,220228.0,952675.0,577567,389623,29627.0,58996.0,58996.0,86614.0,418158.0,21302,60391.0,4198060,506.5,296561,24778561,1496224.0,350097,25487.0,35415.0,2610254,183734.0,19066.0,5798264,81155651,18212.0,71426.0,447972.0,176068.0,5319.0,686059,250310.0,1454143,154238.0,225371,325760,506.5,506.5,506.5,1367222,47651.0,74004419,78730.0,4745881,105853,51417,15047.0,68185,702424.0,124783,189592.0,75740,75740,455273.0,455273.0,455273.0,7051.0,506.5,856206.0,49071.0,70886.0,33785.0,93899,211084.0,80751.0,49029.0,273117.0,433134.0,387980,488281,5604.0,858195,12571202,7412428,2027768.0,3942083,103963,105293,449030.0,363663.0,187662.0,18699670.0,515726,345413.0,185657,6856301,80989.0,460954,506761.0,178553.0,291140.0,506.5,449725.0,793979.0,6696563,6696563,280794,160979.0,1608562.0,86892.0
31,0,Female,126976.0,68045,68045,2907002.0,10088325,9162668,6274244,120305,30651.0,39963,14293.0,115792,910158.0,57739,27926.0,113896.0,113896.0,557089.0,28816.0,243149,578362.0,783838.0,1092769.0,2534757,324820,82416.0,330301.0,330301.0,28762.0,86508.0,58093,121953.0,11650909,607.5,223793,35250321,432684.0,1058946,69129.0,51710.0,1334949,200066.0,607.5,2738562,114993733,5008.0,607.5,26143.0,289554.0,2464.0,48175,232499.0,3422748,260272.0,115429,289658,607.5,6291.0,607.5,864798,53787.0,58099893,503022.0,2918131,153528,66900,13449.0,263898,556408.0,190689,39537.0,444646,444646,917309.0,917309.0,917309.0,20989.0,107897.0,292628.0,232449.0,98196.0,111580.0,77028,399708.0,48930.0,41560.0,169782.0,162995.0,748978,2220858,670327.0,1684766,4306092,26508249,1621879.0,4284304,130507,230782,327410.0,895109.0,354834.0,18037593.0,317612,34030.0,1006136,3468169,198680.0,576496,283281.0,2941299.0,115329.0,607.5,456626.0,475556.0,14005534,14005534,123847,255169.0,1340912.0,256288.0
32,1,Male,494328.0,638928,638928,7534703.0,22691590,25991397,16183896,994193,106180.0,74044,78834.0,7354595,411419.0,421968,595367.0,213404.0,213404.0,1172643.0,604542.0,3424228,1149854.0,4824344.0,2689475.0,11243022,2367859,286453.0,356170.0,356170.0,214428.0,1054613.0,199908,1266912.0,13075832,607.5,1379653,115362149,1011450.0,2881560,324964.0,180082.0,4199710,931636.0,236650.0,8430478,378958820,202936.0,5640490.0,473368.0,1219177.0,28114.0,308295,4411684.0,7187691,364331.0,1597838,2446941,607.5,6565.0,607.5,3151819,510510.0,133881850,634859.0,16333649,348626,215616,143559.0,2036596,4775797.0,678486,1311066.0,1533228,1533228,61219.0,61219.0,61219.0,129496.0,478354.0,5968101.0,114161.0,1228557.0,606943.0,265898,1740833.0,359562.0,130187.0,379817.0,406890.0,693606,10218681,1644606.0,3037099,13117458,90461793,3988631.0,23413940,2186969,915836,1270707.0,9511953.0,1904245.0,32018230.0,1380145,45447.0,2567292,7813548,225869.0,3186768,1062135.0,16494470.0,398993.0,378585.0,95137.0,2086199.0,23708432,23708432,296097,789518.0,2611730.0,962147.0
33,0,Female,22310.0,151161,151161,1272772.0,3807740,5503464,3332032,126792,86059.0,85943,30678.0,1205837,208879.0,249998,423165.0,377254.0,377254.0,506.5,348835.0,1942793,2114062.0,702972.0,1823090.0,2190781,930284,87760.0,361639.0,361639.0,103646.0,3908002.0,71586,132933.0,1329946,506.5,287079,57375330,364919.0,649790,206772.0,101220.0,3830880,792126.0,19565.0,6924959,86913712,28165.0,57719.0,11910.0,370770.0,506.5,71476,1468689.0,1682076,115146.0,505912,437926,24312.0,25368.0,7414.0,2258523,249878.0,114536570,209724.0,15491489,226880,77727,48170.0,264036,1797212.0,442399,120067.0,440082,440082,506.5,506.5,506.5,48681.0,17890.0,863190.0,134763.0,272827.0,120413.0,163172,423697.0,232068.0,68093.0,551482.0,581333.0,364311,4779261,43898.0,1442167,4178268,14099164,4495804.0,7217265,226575,317678,525525.0,892118.0,541646.0,15876875.0,490043,28981.0,484022,1431749,153673.0,1854048,1010171.0,2845119.0,424836.0,13175.0,106811.0,1389480.0,7695975,7695975,319635,257168.0,2758784.0,289268.0
34,0,Female,71074.0,451782,451782,920305.0,4697185,4587754,1455632,344750,297958.0,238287,66033.0,217339,306433.0,584445,1214357.0,361928.0,361928.0,825300.0,947611.0,6370131,149125.0,1166617.0,4418991.0,8932412,3807680,426647.0,240732.0,240732.0,857648.0,1086192.0,99628,619628.0,13823606,70225.0,1007945,82346548,891627.0,2332312,655832.0,334942.0,4508902,997272.0,164271.0,15878667,162215372,698773.0,2067478.0,406455.0,1344809.0,59476.0,173749,1777414.0,5685083,343401.0,608447,557905,135892.0,384790.0,390191.0,5253736,1148815.0,180374718,438919.0,19738486,160957,180294,289870.0,478884,3018253.0,737624,378169.0,829856,829856,481846.0,481846.0,481846.0,120942.0,65035.0,4695404.0,40258.0,1074101.0,617957.0,337749,1021346.0,506.5,232494.0,1747283.0,873150.0,1900445,7997658,5867410.0,4476447,10882078,33033534,6579351.0,11673299,1006332,756803,1708571.0,10977030.0,1530600.0,39940669.0,1376124,171747.0,1492130,366890,22765.0,3528871,2662545.0,17424632.0,59992.0,155227.0,234770.0,2302158.0,18394384,18394384,287737,513605.0,2934597.0,1023719.0
35,1,Male,6501135.0,294966,294966,1848464.0,7699264,8473703,7022272,371797,41608.0,139055,43531.0,559468,329741.0,753698,256079.0,119259.0,119259.0,997244.0,187758.0,5824042,4549408.0,1502075.0,1339706.0,6137025,1952215,150614.0,1086881.0,1086881.0,411140.0,1123511.0,95630,221852.0,11151736,15445.0,1211931,49738776,169079.0,1871709,571832.0,99469.0,6294455,1635791.0,437375.0,5136942,240383098,518455.0,3781.0,191697.0,864244.0,56554.0,117653,291631.0,5688948,768951.0,2367123,123102,106888.0,186574.0,157959.0,2909481,385247.0,88285634,10226.0,28876218,189620,80752,197610.0,775585,5877053.0,740361,37292.0,1458087,1458087,43548.0,43548.0,43548.0,184191.0,6306255.0,2767383.0,214019.0,1636584.0,472252.0,311131,2005172.0,667453.0,346379.0,397671.0,562697.0,2180362,8716724,185193.0,367192,6748933,199137384,3095650.0,11349753,1659482,508105,1573276.0,5956605.0,1846815.0,31835008.0,1373864,8796.0,1567592,2099305,506.5,1925572,1944740.0,3170315.0,779611.0,428857.0,135161.0,959603.0,15716685,15716685,186738,236521.0,2386434.0,1062145.0
36,1,Male,17498866.0,660102,660102,5233112.0,13879675,25556162,17257916,528458,139302.0,167944,134232.0,12353676,279165.0,506914,347518.0,336237.0,336237.0,1181448.0,287188.0,1304134,2841023.0,3899285.0,1854937.0,6407345,920555,154527.0,572171.0,572171.0,139442.0,488584.0,180078,844086.0,10112108,506.5,647046,58914214,2572620.0,1081268,1599545.0,394563.0,6466960,1615311.0,1014817.0,11785662,146183562,696838.0,2480000.0,742086.0,973387.0,30918.0,557131,2843107.0,4019414,369624.0,1505058,673203,5321.0,41370.0,50085.0,3201173,1042833.0,244249594,327715.0,30233943,194833,218828,321028.0,917635,3998006.0,357916,263857.0,3665294,3665294,688445.0,688445.0,688445.0,111888.0,8123221.0,5920782.0,501380.0,847740.0,123316.0,271171,943963.0,371598.0,40418.0,1824595.0,835577.0,1424552,2421152,2340856.0,2324162,16048410,43393355,6006336.0,10343152,939307,236528,1444771.0,5525880.0,1578933.0,58940144.0,1377982,465331.0,1255196,12863022,21055.0,4453388,3498335.0,2843731.0,83619.0,308477.0,1465838.0,5192514.0,16425262,16425262,398214,427325.0,2071340.0,552501.0
37,0,Female,148359.0,45295,45295,123268.0,831703,1332303,790006,1144227,51875.0,30380,12239.0,26708,366769.0,107429,179395.0,123261.0,123261.0,506.5,158534.0,918184,632239.0,1579709.0,866898.0,668825,355628,7414.0,10800.0,10800.0,92618.0,40706.0,38186,33252.0,163972,74056.0,100650,17795116,34244.0,442992,25550.0,3629.0,1488282,632639.0,506.5,5839616,27008284,41343.0,465233.0,2920.0,210721.0,506.5,29973,302682.0,4405433,275380.0,81407,649834,506.5,4517.0,506.5,643930,43020.0,80613367,38761.0,11277720,82359,18269,71635.0,1644815,447803.0,1492090,506.5,93638,93638,366769.0,366769.0,366769.0,16598.0,80986.0,171940.0,506.5,63334.0,44106.0,70101,204401.0,225913.0,5451.0,1064430.0,185875.0,152581,1559910,4236.0,766690,2414822,6426522,1699211.0,2143480,178102,23206,176446.0,254955.0,192601.0,12488870.0,263047,5060.0,3508069,149832,2878.0,218719,290215.0,201467.0,701769.0,30352.0,849365.0,1103985.0,12339480,12339480,117768,125937.0,1006168.0,180980.0
38,0,Female,506.5,278434,278434,1842586.0,9968950,13312536,8001254,199581,428629.0,142637,154857.0,683830,166036.0,525534,387830.0,746309.0,746309.0,1195976.0,363846.0,3581506,941076.0,2590225.0,1900612.0,4771939,1357754,514863.0,456758.0,456758.0,246165.0,6560247.0,305081,148650.0,20682566,2406787.0,378886,47296871,918070.0,742137,174736.0,59409.0,6040198,758791.0,230739.0,31174307,177531490,100449.0,138818.0,516210.0,521722.0,5885.0,616716,2343757.0,5633854,399332.0,760901,1313826,35373.0,55364.0,35324.0,2136711,419554.0,258188095,467914.0,16626550,245484,131381,174560.0,572375,2917652.0,363466,798492.0,301902,301902,142693.0,142693.0,142693.0,45477.0,56804.0,37882786.0,54611.0,327431.0,93608.0,322858,800261.0,225659.0,164688.0,887185.0,673809.0,645749,3058960,371906.0,2112964,16156123,29340711,5750352.0,14243931,1444818,711422,997500.0,1503199.0,1577347.0,68497908.0,911189,391497.0,755146,6381109,1568733.0,3904880,1663747.0,10305285.0,506.5,48224.0,1240004.0,5308086.0,10560186,10560186,283982,283990.0,1902566.0,415354.0
39,1,Male,4044643.0,197361,197361,2463379.0,9321953,6613249,5978795,214996,43991.0,54206,48985.0,431358,260978.0,148894,118862.0,37907.0,37907.0,75183.0,77109.0,1196100,931529.0,2230984.0,616268.0,1781915,551801,48520.0,322129.0,322129.0,45779.0,2150059.0,29433,196456.0,2756815,607.5,854524,42117728,112295.0,813510,66450.0,16861.0,3549864,386017.0,66957.0,3819220,158545420,4208.0,607.5,369701.0,376599.0,607.5,252797,105622.0,1932005,508387.0,364593,606996,607.5,607.5,607.5,1193412,419652.0,47638574,336161.0,7795393,297181,100478,133692.0,547965,762048.0,281354,87419.0,867887,867887,526537.0,526537.0,526537.0,607.5,2842815.0,899662.0,20523.0,182301.0,79947.0,135599,604746.0,122967.0,88782.0,232205.0,176983.0,308357,594625,8766.0,529591,11831017,76742787,863278.0,2291623,161619,165915,591373.0,1467152.0,471654.0,30150133.0,1122884,353790.0,449895,6168775,187202.0,1890952,1692802.0,2524653.0,187882.0,20257.0,261243.0,737075.0,15790465,15790465,129963,258294.0,875155.0,215275.0
40,1,Male,144362.0,904954,904954,4124869.0,12591822,21462355,18277950,369635,312751.0,103303,166256.0,1672193,776176.0,185635,403571.0,192482.0,192482.0,312237.0,413352.0,1977753,2378318.0,2055649.0,4363849.0,9015535,3109782,156431.0,1858027.0,1858027.0,143482.0,737190.0,509975,1701461.0,5191662,13789.0,312751,73957830,1419565.0,1476577,467086.0,181820.0,6655102,461659.0,183325.0,7732335,188705089,114298.0,32778252.0,169919.0,1247853.0,28162.0,140594,1246515.0,4854664,303306.0,2088310,911685,26481.0,55588.0,33596.0,132019,137869.0,168059673,1779918.0,6959195,365231,16374,35885.0,998884,3933778.0,362114,91652.0,1355285,1355285,1353073.0,1353073.0,1353073.0,168202.0,128819.0,931302.0,56916.0,1082739.0,456759.0,289260,1670634.0,658630.0,35612.0,341586.0,1083069.0,888468,7520508,1546649.0,2734055,7984378,81300014,4368154.0,11575165,2613417,871301,2874874.0,16295947.0,2214254.0,69624053.0,2010867,168969.0,2390755,2959924,99118.0,2300228,318038.0,7383811.0,336559.0,228612.0,1916635.0,2893246.0,19844415,19844415,290894,797783.0,4596420.0,1181392.0
41,0,Female,17818.0,181415,181415,1248149.0,8705364,5073342,4081612,213246,54149.0,71182,21049.0,68196,307176.0,281981,106911.0,23063.0,23063.0,506.5,97960.0,987994,1977195.0,326084.0,1773765.0,2221446,364760,32882.0,623621.0,623621.0,143990.0,254967.0,55069,44976.0,2701831,90264580.0,255753,51437363,879138.0,631210,420839.0,221969.0,970430,38759.0,27785.0,10549036,115990199,4365.0,4948.0,14512.0,474504.0,13006.0,48394,1022367.0,2907865,237063.0,358972,160072,506.5,506.5,506.5,1066962,356518.0,59660333,71150.0,1322905,66859,103284,144594.0,268538,745417.0,330472,49840.0,46154,46154,6694.0,6694.0,6694.0,23610.0,506.5,1344572.0,109933.0,79921.0,49289.0,149698,367967.0,115014.0,52813.0,235813.0,470026.0,162877,3096002,340605.0,2375786,5144118,15054138,2610263.0,2719737,110051,83444,256919.0,2177152.0,1118475.0,10004722.0,354868,37348.0,706374,6094283,19359.0,388611,776532.0,2508454.0,25840.0,4064.0,115799.0,576426.0,10707734,10707734,210717,435059.0,1204951.0,153364.0
42,1,Male,607.5,375192,375192,6808771.0,24311549,36717068,30969969,609394,113890.0,246803,94619.0,5116692,358250.0,697829,568340.0,983058.0,983058.0,695215.0,529228.0,1453715,1271786.0,1746654.0,2927447.0,13395311,1293773,69419.0,286513.0,286513.0,257646.0,18355720.0,346736,1057714.0,21403405,607.5,371523,63338944,619121.0,1535252,301492.0,124579.0,5170034,1006751.0,98450.0,11417257,229990704,180961.0,36132.0,704517.0,884312.0,7088.0,169927,1185999.0,8604086,677696.0,879821,805763,607.5,22416.0,607.5,4340714,2225754.0,152534621,207081.0,19846579,467357,342424,774425.0,702452,2676228.0,394336,38880.0,6046470,6046470,53087.0,53087.0,53087.0,104954.0,65578.0,4911115.0,97662.0,397656.0,313549.0,456264,1192889.0,483456.0,72672.0,3076253.0,395532.0,260636,6826457,59625.0,983049,19681610,39762658,3252819.0,19533560,2339610,502774,2979145.0,4961466.0,900164.0,48427717.0,1615646,972857.0,2167666,835237,79343.0,1748006,2798724.0,5446256.0,18188.0,115468.0,892471.0,5441394.0,29521876,29521876,502610,679032.0,2745539.0,1069492.0
43,1,Male,57931.0,464997,464997,5764607.0,12496560,18461787,10875162,663958,161191.0,117057,226602.0,6723651,550611.0,203012,427291.0,347618.0,347618.0,455120.0,511493.0,1491277,2113979.0,3434817.0,1394798.0,14302713,2745879,824554.0,396557.0,396557.0,104859.0,607.5,166463,370790.0,7614812,607.5,503467,58548763,630205.0,1809514,705208.0,77773.0,5179249,1784232.0,39980.0,11009736,247446691,92997.0,82012.0,215075.0,706640.0,16361.0,260269,2756790.0,4264128,382305.0,1993158,879225,3114.0,46891.0,10116.0,2889414,516853.0,192684202,312162.0,23926750,193747,92727,33762.0,1621043,6089838.0,250849,671550.0,2587203,2587203,1056477.0,1056477.0,1056477.0,81686.0,76338.0,93641670.0,209189.0,695433.0,436829.0,260489,1750430.0,233015.0,145517.0,512333.0,703099.0,1187374,7807104,1876505.0,2730292,9649315,34971350,3014914.0,12537981,2098959,578473,3617882.0,4732329.0,1622604.0,58049311.0,3698071,154547.0,2319357,6771077,10610459.0,2216831,602373.0,9318567.0,469387.0,114644.0,3798948.0,5569633.0,22300532,22300532,168009,409318.0,4272008.0,910262.0
44,1,Male,130475.0,533036,533036,5081385.0,24178241,19479962,13416309,890118,7616.0,140778,8314.0,4774112,839552.0,843116,617537.0,375766.0,375766.0,1340386.0,502469.0,593696,2451934.0,4171324.0,2007588.0,9970907,1183383,262542.0,2042354.0,2042354.0,330232.0,484647.0,559219,1093909.0,18365031,4210839.0,435191,92761291,390343.0,1512390,494815.0,151224.0,27307519,1551378.0,205609.0,3906549,265777877,185363.0,850073.0,425280.0,1324107.0,22291.0,256754,1367751.0,4900211,376082.0,955154,463614,607.5,12686.0,23080.0,4774785,466169.0,132749509,151625.0,32893149,824068,224867,135835.0,1467973,5088412.0,284857,83374.0,1839206,1839206,607.5,607.5,607.5,143883.0,161324.0,6207902.0,20849.0,967672.0,562169.0,398887,2065460.0,284711.0,207986.0,325731.0,1128261.0,332173,8322147,77540.0,4209295,11083509,72667817,3524113.0,21346992,1436602,602174,1783614.0,10532530.0,2128547.0,42361820.0,1723803,290303.0,1381233,2970811,83422.0,5931174,3319179.0,17896560.0,729939.0,193337.0,200938.0,3348399.0,20383142,20383142,1018669,576988.0,3259089.0,1518760.0
45,0,Female,4700992.0,310417,310417,7276851.0,12668435,26036420,14448505,439015,310403.0,153027,83216.0,10084334,636173.0,534822,665572.0,2066542.0,2066542.0,840820.0,577618.0,6986656,147294.0,2495617.0,3248812.0,9132406,2509231,223823.0,2006260.0,2006260.0,608960.0,5140867.0,170022,1008447.0,11870020,44654.0,1585956,99056778,1711228.0,1003284,340613.0,182240.0,5674157,550792.0,390211.0,25298426,221738778,637957.0,8739295.0,551060.0,1216543.0,60241.0,316317,1588284.0,6265366,335949.0,364733,578135,10013.0,62881.0,12530.0,3299845,684970.0,172188795,741238.0,13256747,286526,179685,222801.0,1090060,5947997.0,745469,906224.0,1196190,1196190,267233.0,267233.0,267233.0,105531.0,3864036.0,3437727.0,89771.0,1071163.0,438365.0,375743,1452666.0,506.5,289448.0,1450699.0,901065.0,1091550,9379993,14329288.0,3591975,13639067,40025597,6464961.0,10266548,1788520,698718,1866261.0,6090249.0,2188970.0,64488391.0,1064960,673537.0,1543123,9868181,31430.0,5189784,1328578.0,12924836.0,205219.0,484928.0,128539.0,1208003.0,17344514,17344514,384126,1122943.0,4462691.0,1144552.0
46,0,Female,36723.0,186802,186802,1290073.0,5277566,4959938,1728124,473548,66390.0,119033,37152.0,1419775,106612.0,400179,155955.0,106915.0,106915.0,506.5,134379.0,1610548,2345869.0,1014553.0,1719566.0,3313575,998726,116217.0,170112.0,170112.0,146055.0,2687971.0,162328,152577.0,2142155,506.5,177169,34489712,824425.0,870162,157397.0,84509.0,2181212,276131.0,2729.0,5041215,131211588,134977.0,1451701.0,138293.0,793575.0,20613.0,93409,424442.0,6509673,313707.0,313472,588050,20701.0,10610.0,16187.0,1140991,481521.0,87984680,83172.0,6344012,137138,108315,387111.0,413564,2264215.0,800936,167357.0,222890,222890,133580.0,133580.0,133580.0,57947.0,24428.0,2207252.0,57078.0,312861.0,267408.0,202287,1226907.0,251037.0,63280.0,700033.0,547379.0,637020,6939499,1762863.0,868777,9436005,16457127,2777061.0,7370705,886710,218177,571703.0,769318.0,791430.0,19227017.0,622174,146557.0,1058952,2623309,18881.0,1239629,1205441.0,1588640.0,1395513.0,109927.0,284264.0,1080645.0,17383119,17383119,414944,474273.0,2379492.0,409023.0
47,1,Male,99264.0,1152265,1152265,1166691.0,8439927,10216046,4902552,1884339,755359.0,266216,19155.0,18080860,571446.0,1690881,1470543.0,350468.0,350468.0,6885438.0,1183224.0,3074964,1312895.0,2992946.0,5116422.0,27477125,4523323,341599.0,440472.0,440472.0,382859.0,616802.0,434486,740498.0,36509200,607.5,760931,115744942,677635.0,2771107,6800706.0,2419629.0,19850226,2459732.0,607.5,770611,399062324,207039.0,138258.0,922121.0,1562532.0,28421.0,492638,1702954.0,7401709,470051.0,3033321,780247,607.5,87993.0,607.5,6971048,1864574.0,78282786,355054.0,43456156,359037,555019,575270.0,1584697,9815936.0,621246,186113.0,3603528,3603528,607.5,607.5,607.5,234439.0,131847.0,6206527.0,227481.0,1612177.0,994602.0,747139,2947549.0,837348.0,222896.0,3701164.0,1312243.0,2253026,9186045,1514237.0,3698801,17435293,54272861,2865922.0,83435345,5933660,1680388,2659315.0,17966689.0,2629339.0,57329612.0,2670392,558482.0,3273548,213388,47811.0,4977275,5316779.0,13572127.0,373105.0,212282.0,113797.0,1402032.0,31066457,31066457,497665,673490.0,5324570.0,1273384.0
48,0,Female,312148.0,721443,721443,5258935.0,19390563,17301601,10425200,1209307,389071.0,378433,224648.0,9996765,767967.0,1288773,1477338.0,850445.0,850445.0,940022.0,1211863.0,1352072,153921.0,1969501.0,7501400.0,27768410,12046491,439703.0,2389553.0,2389553.0,352792.0,619579.0,242633,1252684.0,8942994,504761.0,3011253,127749259,460232.0,4807822,731979.0,343345.0,9678799,809744.0,785038.0,29108071,500778424,214537.0,9132.0,778324.0,2134139.0,20687.0,400375,5270167.0,7664262,580289.0,1937474,1405972,13394.0,61474.0,69158.0,3027717,1272281.0,345164436,4534207.0,18111121,823089,647018,385234.0,1439515,6142005.0,1283240,429169.0,1742361,1742361,316537.0,316537.0,316537.0,322394.0,275324.0,12753877.0,179899.0,3100530.0,993592.0,667505,1692486.0,102496.0,507974.0,2003915.0,799504.0,1246516,23218930,6065165.0,9087214,18529250,57113745,7993278.0,25570759,1803746,1680007,3388842.0,42601014.0,2858614.0,88745510.0,3048591,266535.0,6473473,1087050,90157.0,5550481,2883601.0,43456706.0,454256.0,142054.0,1255280.0,11682278.0,32541069,32541069,562326,1650159.0,7648125.0,2028673.0
49,0,Female,22260.0,70291,70291,954732.0,3177895,5608314,2821369,646401,41770.0,33391,506.5,551247,215889.0,101331,85137.0,30184.0,30184.0,286764.0,83281.0,881452,1036971.0,160637.0,1146096.0,1037881,411346,28280.0,23920.0,23920.0,142766.0,139651.0,57367,92250.0,5967138,13626.0,104968,37337664,354705.0,432885,119210.0,60392.0,1620969,141717.0,15578.0,2984367,63573402,45247.0,1588977.0,46681.0,316299.0,7902.0,13251,387145.0,3506047,239239.0,95706,137887,4362.0,11231.0,12453.0,1018703,324507.0,73846363,36335.0,3043805,56181,85457,167178.0,106414,760295.0,107020,36811.0,146545,146545,85303.0,85303.0,85303.0,32606.0,15887.0,820717.0,14906.0,54225.0,70875.0,78853,81702.0,5321.0,10507.0,379768.0,321048.0,101492,1415121,212927.0,786647,3035134,7114531,2907937.0,4325347,77112,53946,474619.0,3086504.0,366679.0,8962001.0,261797,17575.0,265256,2859513,9564.0,1998092,923012.0,2704236.0,478763.0,5710.0,727875.0,1517754.0,10186104,10186104,144306,287991.0,873280.0,143412.0
50,1,Male,160245.0,846977,846977,5964578.0,17270092,29332804,20617894,597370,313946.0,177745,104366.0,18012335,394889.0,497835,363815.0,1339222.0,1339222.0,506.5,312946.0,1245773,2549375.0,5983678.0,3429783.0,7755024,1816332,113105.0,247658.0,247658.0,221232.0,3371689.0,154347,370656.0,5582298,506.5,965340,63083681,1098602.0,542460,742977.0,164376.0,8025407,1621438.0,249871.0,31881632,288412804,422613.0,238487.0,753619.0,929374.0,34299.0,299872,1788590.0,4936225,420974.0,2253620,631375,19619.0,188454.0,179768.0,3670871,1035461.0,224025814,534086.0,28761741,252926,227904,397538.0,1459279,3279269.0,926569,271783.0,3291079,3291079,322223.0,322223.0,322223.0,153890.0,118439.0,6575827.0,108248.0,545989.0,384951.0,295086,2570514.0,912575.0,411745.0,1567507.0,729322.0,1191716,7011505,42012.0,2986933,14070102,41199145,5788757.0,9553007,1708709,321908,3315022.0,3927693.0,1207597.0,44590713.0,1050992,265835.0,2900241,5649439,46599.0,4149369,3210520.0,4810628.0,404896.0,328817.0,2213334.0,9511221.0,15599181,15599181,601999,298920.0,3572400.0,1070697.0
51,0,Female,436660.0,493420,493420,2746789.0,7915283,10491655,4015724,1026134,101762.0,161039,58987.0,610982,412045.0,438573,658368.0,211981.0,211981.0,730097.0,566822.0,3107729,838189.0,1547054.0,3015876.0,9597728,1395792,182741.0,446148.0,446148.0,507437.0,1393506.0,95648,844136.0,11749255,173173.0,497298,69937664,1110263.0,1331989,351277.0,246419.0,3755772,175448.0,102344.0,13904126,264478339,452407.0,160859104.0,344913.0,1897319.0,119630.0,149395,1679124.0,5828981,320331.0,795018,366468,506.5,74626.0,67020.0,3143313,1288101.0,106252379,378017.0,3868470,221006,432505,476435.0,586726,5364829.0,463881,185717.0,563270,563270,45028.0,45028.0,45028.0,205109.0,306413.0,5838692.0,177565.0,1483062.0,691694.0,348446,1255544.0,124119.0,105637.0,1322838.0,747895.0,1272790,12906549,2484084.0,4027062,10360784,46683467,4334898.0,7111482,633363,592144,1904485.0,6761008.0,1967916.0,32764758.0,990528,46719.0,1629948,2838950,3066.0,3541854,1357370.0,8670205.0,323034.0,710352.0,158207.0,1939107.0,21324330,21324330,236039,917813.0,2187030.0,1216399.0
52,0,Female,144958.0,551015,551015,2281112.0,6392048,12202672,9125465,473518,26533.0,349089,76923.0,644542,825318.0,454240,441300.0,326593.0,326593.0,120404.0,395902.0,1226585,2383960.0,3328218.0,3554994.0,8418608,4501006,159132.0,3061113.0,3061113.0,176786.0,1065191.0,136119,661725.0,3491939,64349.0,766475,77965874,1538023.0,1866509,430953.0,184351.0,4427605,62811.0,14427.0,7415602,129709332,61044.0,195989.0,666910.0,1003406.0,607.5,630132,948330.0,4058033,339501.0,1738492,1560573,136514.0,154698.0,204880.0,4882843,825670.0,71933424,242749.0,1514235,411864,268352,193907.0,1231447,5901187.0,375827,2725717.0,763063,763063,65767.0,65767.0,65767.0,92704.0,87709.0,23208343.0,1773440.0,873805.0,153883.0,515905,1524528.0,740435.0,114149.0,358935.0,610378.0,1380296,4445575,20697234.0,5054243,18900709,80603081,1937098.0,14685593,1682608,1425432,2101327.0,6821979.0,2853974.0,49143622.0,2383803,248271.0,1777291,5024566,558218.0,2778862,2066506.0,2174708.0,479471.0,25559.0,32010.0,312901.0,19668360,19668360,228402,798722.0,4378240.0,785419.0
53,0,Female,586825.0,396830,396830,5313908.0,11211461,23448752,11583395,268944,318834.0,116709,108449.0,474097,507650.0,443635,494446.0,189401.0,189401.0,1356042.0,425223.0,4851468,364363.0,2697228.0,3739247.0,8957876,2316554,371479.0,247029.0,247029.0,470396.0,2149992.0,120560,971181.0,11544688,506.5,784019,87056356,2724638.0,1209435,285442.0,210849.0,6393026,776726.0,401130.0,22270438,291516350,132484.0,2197460.0,313870.0,1445486.0,78519.0,208248,4918890.0,7075533,361527.0,479978,498136,24666.0,100268.0,109079.0,3803199,1853200.0,144095744,502243.0,14701743,321174,154898,317783.0,1062665,5649371.0,1250401,574345.0,2558947,2558947,18230.0,18230.0,18230.0,283510.0,518076.0,4089335.0,515076.0,1190749.0,526907.0,392257,1634749.0,1634749.0,436033.0,2271927.0,925912.0,919328,23913557,2476721.0,4144821,10023508,39197400,5675187.0,8162887,635092,348396,1583087.0,5486130.0,2498006.0,41199066.0,940621,101604.0,1754309,6972038,40611.0,5385741,2250203.0,17846746.0,1145641.0,156233.0,173437.0,1295881.0,20498426,20498426,565187,974384.0,2830521.0,1044012.0
54,1,Male,142714.0,448838,448838,5858938.0,10706813,24605602,17767113,278230,93554.0,113185,53770.0,1980086,250755.0,170062,607.5,266705.0,266705.0,1126394.0,2906.0,1157891,7306894.0,2074712.0,2705004.0,5273866,1785816,214303.0,261747.0,261747.0,76281.0,770063.0,106310,1184617.0,10868116,58793.0,302764,72777637,965175.0,1808675,244306.0,142341.0,6112614,106909.0,48830.0,6919346,154553156,256171.0,1539577.0,123849.0,718101.0,13857.0,90874,1998752.0,2114779,207750.0,1003735,929337,607.5,18590.0,13901.0,3245075,210434.0,98740991,750300.0,1966644,186636,252348,13545.0,575355,3740887.0,53110,235928.0,531922,531922,206700.0,206700.0,206700.0,79178.0,119160.0,3034379.0,30591.0,572562.0,308203.0,224926,916338.0,170571.0,48511.0,666285.0,529995.0,448664,769083,103830.0,2640611,7808907,36704977,3191322.0,5838417,725144,567850,1084130.0,9994456.0,1427858.0,35710849.0,979118,90264.0,804492,8617999,1869389.0,3447958,219075.0,13153041.0,487417.0,120150.0,430170.0,964658.0,13852000,13852000,325480,832857.0,3792760.0,517417.0
55,1,Male,607.5,368612,368612,5318285.0,19313537,20074559,13281775,610599,131561.0,209141,325518.0,9214051,363012.0,704863,301587.0,608316.0,608316.0,154683.0,266345.0,8420472,1844215.0,6269287.0,807466.0,15299578,1211795,116551.0,1883533.0,1883533.0,221940.0,6425537.0,286864,425186.0,7656712,607.5,731364,74353164,856753.0,1684158,1837109.0,365952.0,7324178,825600.0,100274.0,16544987,226122752,134266.0,30097873.0,1160912.0,1068801.0,607.5,884418,1817319.0,4395711,532172.0,1192657,1619659,607.5,212912.0,39113.0,4211635,1180674.0,213774532,1064151.0,16152548,469325,20308,313558.0,2950914,3434880.0,644144,866141.0,1047298,1047298,293234.0,293234.0,293234.0,116604.0,607.5,2139928.0,149573.0,781659.0,182934.0,480749,1289237.0,373814.0,189181.0,2253690.0,606324.0,502127,7035752,378550.0,5476933,26164047,38504603,4127874.0,10732229,831862,998921,2382901.0,8692657.0,1043413.0,77386118.0,2544954,390551.0,3162310,8742100,27940.0,3546667,3922807.0,4058995.0,1321324.0,121582.0,214990.0,2488214.0,24013133,24013133,806407,219519.0,2212921.0,1146636.0
56,1,Male,64499.0,802819,802819,5340057.0,15465514,19921296,14491653,435358,96645.0,165654,124041.0,1737802,2666950.0,380511,463381.0,506194.0,506194.0,543220.0,376366.0,1210238,556842.0,1860398.0,3470060.0,6048398,3887262,66860.0,127110.0,127110.0,240100.0,1371915.0,108873,696614.0,6683851,506.5,1114102,65742192,3800867.0,1013093,1647137.0,485316.0,2546590,307793.0,463416.0,6278960,160610999,289521.0,1660270.0,952349.0,1218180.0,24469.0,1950977,341673.0,6023095,471889.0,1489853,319153,4885.0,66595.0,97999.0,3415414,935072.0,128084106,361793.0,6820730,155183,178657,298014.0,518790,6326153.0,402500,28037.0,2164490,2164490,101723.0,101723.0,101723.0,148595.0,31628.0,2552739.0,47030.0,879954.0,268343.0,278812,1222183.0,313914.0,251760.0,918210.0,1241245.0,565770,4152014,19112.0,1403180,19413053,39767763,4227742.0,5887209,1517158,286987,3307019.0,4313126.0,2175207.0,52188422.0,2723810,1571285.0,1610750,10230955,3543.0,953279,1203712.0,6666388.0,564651.0,280601.0,717582.0,4411271.0,18242525,18242525,436165,873032.0,3663112.0,1041408.0
57,1,Male,3847455.0,1106563,1106563,4840500.0,8784709,24509866,17921960,300670,66224.0,202937,58483.0,3903044,1195077.0,332458,118688.0,44633.0,44633.0,225204.0,82640.0,325067,3943305.0,6192947.0,8476471.0,7852032,4519839,294390.0,4237446.0,4237446.0,210371.0,244475.0,162343,410604.0,6073237,607.5,1246803,98854589,257104.0,1468697,663848.0,232207.0,8769116,346560.0,132442.0,6338548,264790011,211278.0,7931947.0,536677.0,906724.0,12352.0,185172,767352.0,2183310,168061.0,1764971,933534,43236.0,89087.0,52170.0,3932163,738429.0,97526352,345704.0,7517638,550924,305221,342336.0,1434061,8360416.0,253155,350153.0,3514444,3514444,607.5,607.5,607.5,107580.0,2539937.0,6771653.0,119869.0,516260.0,370111.0,223877,4410435.0,808385.0,258551.0,248497.0,1057960.0,360828,5278253,2262486.0,1390412,16043698,46946872,3073344.0,18792672,2070417,1736714,4184729.0,12468510.0,2413404.0,20075090.0,1133453,180998.0,1578749,5515342,619162.0,4250450,2456800.0,6219582.0,246269.0,180454.0,88930.0,1751988.0,14152377,14152377,481367,2081907.0,9045261.0,762161.0
58,0,Female,690355.0,592314,592314,2768153.0,15610073,12734389,10652705,525705,184599.0,163055,76601.0,919441,160535.0,593075,1251052.0,711073.0,711073.0,341960.0,1144957.0,512684,4404841.0,6312832.0,3861141.0,17186780,5832995,972532.0,355907.0,355907.0,544700.0,494131.0,79276,1482989.0,13149497,607.5,1808605,73877737,420212.0,2173774,477009.0,156043.0,5828222,1220718.0,220388.0,14875738,678587872,201081.0,28657944.0,514002.0,1915499.0,55486.0,508815,3409472.0,5609397,301211.0,1435249,995878,14030.0,95647.0,110521.0,3865656,701187.0,151468410,2358622.0,26536548,306074,26619,494248.0,2030668,7457214.0,2996845,484713.0,2690572,2690572,447844.0,447844.0,447844.0,354216.0,693109.0,71067798.0,763309.0,3050791.0,819151.0,510618,2121002.0,2023785.0,189827.0,2552505.0,1342093.0,636769,19766857,593194.0,6731758,17200098,50337623,3752032.0,26941343,2132469,539474,3576557.0,15317688.0,2903775.0,61925096.0,1263199,500083.0,3638255,109288,4545917.0,3551620,1849538.0,4039518.0,6518.0,165306.0,956735.0,3421713.0,26973491,26973491,768892,673318.0,5439846.0,1759018.0
59,1,Male,131196.0,609209,609209,6719671.0,18647008,36946332,27569944,227943,155739.0,132619,219771.0,1771261,302626.0,122062,442475.0,288958.0,288958.0,2138614.0,397266.0,2643394,3855724.0,3895081.0,4284691.0,12059370,4054228,145761.0,420681.0,420681.0,168381.0,774686.0,144885,845662.0,18449412,607.5,793376,65871200,2208789.0,2099466,315811.0,224736.0,6654604,639026.0,108338.0,10813753,268115335,351277.0,13214044.0,494452.0,1172138.0,30691.0,146796,4012697.0,4309358,315699.0,1830953,721134,13675.0,62093.0,24701.0,5523509,234026.0,158417760,1821069.0,10667678,394377,223940,198794.0,1154001,5066831.0,312384,135861.0,1187741,1187741,3579588.0,3579588.0,3579588.0,144487.0,101426.0,763537.0,20872.0,1428094.0,533895.0,294923,1683149.0,445894.0,159212.0,1390948.0,828248.0,3033916,5778008,92981.0,3711999,13318426,50551349,3715789.0,10625689,1075822,622889,1624616.0,12443528.0,1761945.0,133760168.0,1565901,83417.0,2147491,10557742,103865.0,3448659,1177663.0,4318924.0,100924.0,420848.0,2407238.0,2228235.0,26846871,26846871,837602,910137.0,6386359.0,1308883.0
60,1,Male,60202.0,614346,614346,7821772.0,19767257,43765299,32763597,604575,117718.0,187526,74049.0,1241927,214842.0,452456,341904.0,1053130.0,1053130.0,3007328.0,344037.0,2396071,2318732.0,3713026.0,2817716.0,8033606,748805,131693.0,441101.0,441101.0,246732.0,202970.0,75114,204614.0,36094253,2520485.0,368356,55150717,482363.0,1788528,245108.0,123172.0,7487446,1167555.0,204108.0,11935035,350705982,138151.0,607.5,258027.0,1105060.0,607.5,530000,309675.0,4805118,541302.0,1662671,572399,10743.0,46576.0,61168.0,6013224,916611.0,165487570,275774.0,25629348,169493,19868,120867.0,1185339,3796135.0,265556,154193.0,716059,716059,468538.0,468538.0,468538.0,114558.0,607.5,4105905.0,611408.0,485817.0,143437.0,297876,1397836.0,225085.0,135720.0,320132.0,1054218.0,1586628,4376578,305105.0,4260290,16702822,40938838,3424323.0,11343051,1622845,600914,2753810.0,3153322.0,1246421.0,72703867.0,2498527,358746.0,995068,9398818,149350.0,7884431,1196489.0,5344558.0,988646.0,95388.0,1568496.0,2906165.0,24692441,24692441,1250664,569047.0,4299074.0,704498.0
61,1,Male,202618.0,447895,447895,3945790.0,12867390,21471497,15160968,566956,242381.0,227053,229639.0,823040,1006511.0,301399,526259.0,198940.0,198940.0,483490.0,411516.0,2213068,69488.0,2004553.0,5499089.0,8642852,3133050,281408.0,287098.0,287098.0,302660.0,678063.0,148501,170154.0,9948437,506.5,384648,91725257,1647782.0,1390859,1196473.0,656042.0,4847913,931469.0,30492.0,24794542,179118103,668373.0,7638935.0,263156.0,1289047.0,56736.0,141391,4471805.0,3414257,219022.0,811330,380868,506.5,35155.0,15762.0,2944051,1832472.0,149174378,166751.0,16908843,171103,240651,315155.0,771991,4419762.0,429956,355803.0,1685263,1685263,506.5,506.5,506.5,153751.0,166351.0,4985801.0,213277.0,662137.0,661228.0,345180,866950.0,506.5,177533.0,1165746.0,641623.0,806905,3863244,860506.0,4408707,11040934,50582971,5648311.0,6996771,1595440,260282,1676745.0,9510556.0,1603770.0,62519060.0,1163270,81770.0,1233150,7049631,25004.0,2904755,1382167.0,9619178.0,215421.0,574647.0,764393.0,5751149.0,15552235,15552235,324438,735768.0,3259383.0,963839.0
62,1,Male,53747.0,675963,675963,6307737.0,17221913,21223304,17298344,314919,98808.0,125757,109421.0,10194318,187851.0,264479,637663.0,278067.0,278067.0,280240.0,514644.0,397724,3230362.0,5223719.0,2093068.0,6907982,678131,311611.0,531373.0,531373.0,827214.0,696152.0,130533,835008.0,4844781,30340.0,654360,51920337,680251.0,875074,1610930.0,391043.0,5761787,578174.0,146301.0,8352598,242989434,200784.0,28203437.0,245566.0,1070885.0,31211.0,165524,1943425.0,3140553,273743.0,1179665,708999,39343.0,84819.0,56846.0,3160260,577979.0,347255256,1159174.0,11910109,184262,158165,128472.0,1480245,5919090.0,325365,2058704.0,3082266,3082266,1408308.0,1408308.0,1408308.0,128663.0,84419.0,3276795.0,1537963.0,828459.0,403586.0,228996,2044365.0,914140.0,178430.0,1746882.0,1011797.0,1082238,3889988,291898.0,3141422,10282843,35892645,6017004.0,9383047,1644717,689221,1383594.0,4555074.0,2160321.0,38798492.0,824797,102938.0,1071346,6280225,66306.0,2673204,1737315.0,3609662.0,332875.0,189211.0,4363508.0,15109148.0,12137751,12137751,1183619,506218.0,2435885.0,896087.0
63,1,Male,65637.0,248451,248451,1550880.0,5500479,8908921,3539170,362796,124925.0,136490,37243.0,667071,572939.0,291040,286528.0,339908.0,339908.0,469435.0,243097.0,752151,2265173.0,634888.0,4075663.0,3921321,1237277,128809.0,1796247.0,1796247.0,255826.0,748270.0,79567,113157.0,6669252,123510.0,144237,68040208,604001.0,729741,319800.0,181774.0,2633051,257288.0,24080.0,17088672,64979036,195011.0,292528.0,231374.0,971990.0,30240.0,48836,3987881.0,4248287,275700.0,307201,224346,506.5,19536.0,506.5,2632867,669508.0,93375780,137156.0,4439443,114266,217648,132286.0,463164,1963466.0,283761,205128.0,187311,187311,506.5,506.5,506.5,52665.0,53806.0,3770035.0,17733.0,264090.0,311058.0,211239,372499.0,52667.0,27366.0,549513.0,647092.0,199702,3083376,52233.0,1719076,8265253,25182195,4246228.0,4743135,731535,193284,1320349.0,1565274.0,1267338.0,16873443.0,837392,130464.0,435914,4711115,11416.0,2294258,795721.0,2699244.0,272402.0,205692.0,45969.0,778505.0,14564612,14564612,225368,518251.0,2251050.0,443267.0
64,0,Female,293164.0,585892,585892,822119.0,5112117,11188751,5089001,159318,305398.0,94783,348624.0,269522,471693.0,84278,192023.0,1163397.0,1163397.0,2696195.0,234265.0,2149989,3208944.0,3627568.0,6798742.0,13580469,6975447,222574.0,129363.0,129363.0,199070.0,492247.0,78151,787202.0,23695831,13292.0,393684,92655420,65581.0,2696038,348434.0,170921.0,7248751,302272.0,256035.0,14635607,325200375,421112.0,447562.0,314065.0,2057611.0,28549.0,143585,741899.0,6027678,426927.0,1756934,795355,24622.0,104598.0,47693.0,2613320,171277.0,293587123,1235702.0,5559339,190953,123660,45547.0,973132,6671971.0,399695,1169905.0,1774286,1774286,4993768.0,4993768.0,4993768.0,245256.0,204243.0,259722.0,591243.0,1180323.0,657701.0,372541,1029319.0,352876.0,32368.0,1201132.0,885388.0,4225889,19601860,10171553.0,6189834,11709026,80478313,5489880.0,21539612,1241882,761778,2548930.0,18484191.0,3043940.0,114516438.0,1381829,77293.0,2555838,1782071,308475.0,4365534,393978.0,7003374.0,1200658.0,171430.0,11726529.0,10043481.0,27777050,27777050,593884,1159395.0,7512978.0,1534291.0
65,0,Female,544490.0,936633,936633,1160086.0,3152846,7571631,1786393,1176095,67546.0,549987,110075.0,11960517,899697.0,1126823,1835142.0,719010.0,719010.0,453619.0,1458756.0,723349,6434298.0,4470255.0,11002636.0,29010089,13468473,169971.0,376822.0,376822.0,710881.0,354020.0,344389,5094645.0,21715864,80103.0,1539241,100551139,1268903.0,2188806,491614.0,360675.0,4762228,1567402.0,608399.0,33706376,321002908,341843.0,3161630.0,734192.0,2155336.0,70260.0,497496,7326500.0,9414344,693130.0,2465770,1622927,63692.0,162230.0,104110.0,13386233,3803108.0,148577979,458289.0,29339253,580795,698335,832403.0,2896677,6052096.0,1155983,9888.0,2381588,2381588,15671.0,15671.0,15671.0,327871.0,384326.0,11164139.0,506860.0,2438448.0,865103.0,816092,3087201.0,591088.0,87354.0,1220570.0,481906.0,1202999,26363350,14996434.0,18983958,23120920,88643164,4384454.0,35284941,2768553,816622,3255798.0,19695308.0,2419554.0,67690895.0,2632226,1572698.0,8580593,1831972,70427.0,7413022,2502641.0,5723130.0,407582.0,358989.0,700772.0,2944396.0,41203737,41203737,301845,2870714.0,8943211.0,2890251.0
66,1,Male,1131592.0,847598,847598,5441941.0,10638134,18392766,10734487,395171,178424.0,223338,355926.0,8026262,1025669.0,269045,257577.0,85515.0,85515.0,1008907.0,311328.0,948821,1588408.0,3477358.0,4102734.0,16525838,2224271,142263.0,3202563.0,3202563.0,92351.0,948077.0,278395,550679.0,15844496,607.5,572481,47252870,335695.0,2357018,1636001.0,473364.0,17227514,340274.0,108259.0,10145154,221808992,284831.0,2341126.0,851730.0,954910.0,21352.0,341326,1784675.0,5011845,513969.0,1899318,665597,4261.0,21544.0,14523.0,5538206,1260935.0,148556488,837492.0,7226268,488514,412687,211956.0,1638041,3853412.0,401037,318837.0,804746,804746,884917.0,884917.0,884917.0,114950.0,390350.0,4246220.0,6306.0,1126645.0,147498.0,236969,2371959.0,236566.0,173922.0,601476.0,1000975.0,3384287,4875248,126911.0,1811163,21428338,86602168,2587176.0,37696656,1389690,2060359,7834195.0,9471982.0,1414982.0,101656434.0,1782902,542500.0,2481298,4381509,113709.0,7001739,4140644.0,10759203.0,1156708.0,154052.0,1152733.0,1073728.0,26495026,26495026,405225,1019270.0,5015241.0,945717.0
67,1,Male,83410.0,765803,765803,8263233.0,17503122,21091221,10102013,408356,306907.0,116863,197850.0,5804019,794860.0,255954,800938.0,395206.0,395206.0,637708.0,712353.0,1374397,5157575.0,3079623.0,4049839.0,8800545,2231410,190518.0,1077166.0,1077166.0,295148.0,1007916.0,74846,935767.0,8105768,506.5,874848,53922564,856976.0,1175521,511182.0,370293.0,3763359,384618.0,218989.0,19665351,248910631,324678.0,57748.0,463325.0,1364941.0,65399.0,168342,1046899.0,5054873,351660.0,1753884,357666,10540.0,51432.0,35354.0,4282448,621723.0,223372887,212092.0,9138312,150017,134154,184061.0,1323203,6077937.0,485062,452477.0,941976,941976,349919.0,349919.0,349919.0,147221.0,90724.0,5347610.0,207794.0,793768.0,553920.0,198232,1540917.0,645933.0,224391.0,1664904.0,1253819.0,1223439,5153339,255577.0,2894394,12231397,26888045,5251415.0,7876353,1016624,546862,1582521.0,3934718.0,2148027.0,51118937.0,931634,211759.0,1432194,10385472,76738.0,4435456,1271481.0,2837625.0,309886.0,158662.0,3647198.0,11154850.0,18110875,18110875,734419,1278738.0,5327791.0,1434685.0
68,0,Female,179756.0,124734,124734,2191032.0,13053078,16786178,13597912,75053,307170.0,55772,161587.0,529740,157504.0,146461,72131.0,1087405.0,1087405.0,174424.0,29708.0,799040,1226346.0,153100.0,894761.0,3602659,1446108,607.5,284508.0,284508.0,8565.0,1216868.0,70389,92100.0,4259983,12016751.0,454988,37485507,1395045.0,782264,46620.0,27314.0,2087616,936916.0,47990.0,13271317,140172294,4176.0,35535.0,572191.0,380716.0,607.5,1319980,205685.0,2607507,425752.0,490295,1976661,607.5,607.5,607.5,1516305,310838.0,141484072,545860.0,12518179,167697,69942,162995.0,57648,2185366.0,144947,508497.0,334582,334582,854197.0,854197.0,854197.0,28749.0,44885.0,531571.0,299758.0,274197.0,18099.0,137900,715498.0,198660.0,79674.0,629294.0,473612.0,1347281,141925,848242.0,1490157,26137286,25974814,2411142.0,12529898,451680,1401123,740636.0,3635483.0,586429.0,70386114.0,1183795,1211752.0,622538,16000537,539960.0,1374523,675236.0,1658543.0,152415.0,3210.0,2321166.0,2302566.0,11525928,11525928,69666,299954.0,2017426.0,317084.0
69,1,Male,251705.0,563943,563943,5293399.0,14722588,24438964,17763884,325067,224186.0,187390,116212.0,4095309,307460.0,156592,740845.0,1859746.0,1859746.0,2683955.0,960793.0,2892161,2980413.0,3499900.0,3392370.0,14704865,2509516,663504.0,273246.0,273246.0,148208.0,652803.0,187963,1498609.0,32124259,1947449.0,356222,54023848,455451.0,1645045,337514.0,144979.0,7721411,537206.0,91943.0,15196753,181235207,666859.0,31723583.0,453081.0,1447673.0,36115.0,168266,3709009.0,3592229,302368.0,1549161,666536,3020.0,43022.0,11072.0,4924768,227489.0,127965675,640912.0,9192849,331531,179993,166146.0,981629,5978769.0,211756,181349.0,1015709,1015709,1110910.0,1110910.0,1110910.0,180515.0,176950.0,4601336.0,1972189.0,802425.0,510671.0,356238,1717779.0,320968.0,169792.0,2803823.0,767544.0,2785386,3540476,26809244.0,4270202,12705520,56765861,3092317.0,18552074,1757844,1448584,2268494.0,3887988.0,3727344.0,76609288.0,1473853,770181.0,1616588,6113241,1510403.0,3181050,749493.0,11448944.0,85424.0,450240.0,1237563.0,865953.0,20832666,20832666,850008,815843.0,5044950.0,710672.0
70,1,Male,376230.0,486561,486561,16527944.0,29636845,51170137,32955314,2368900,275298.0,343873,348086.0,1072206,1141790.0,1394672,621099.0,111498.0,111498.0,3308967.0,481211.0,5766285,224474.0,4773843.0,4428414.0,18061018,2675687,407006.0,5574104.0,5574104.0,162107.0,4048804.0,351234,238241.0,19434338,506.5,506161,81485217,2350128.0,1351735,504136.0,176748.0,5004164,3970428.0,175400.0,20906844,168830050,1791717.0,2386844.0,493619.0,1505426.0,14555.0,414422,1055865.0,8016749,718905.0,939692,417337,24305.0,124475.0,69118.0,4540372,4902848.0,294270298,434362.0,60315461,187732,233143,1630916.0,2029217,7614414.0,606842,355736.0,2552875,2552875,85728.0,85728.0,85728.0,289350.0,283841.0,14384345.0,983298.0,698797.0,727832.0,691116,2496677.0,506.5,185513.0,3065787.0,869808.0,1725609,6366162,21294880.0,2198928,11873600,87474497,7302965.0,16405222,3622049,1353253,1193327.0,10964665.0,1632276.0,77428318.0,2226675,405174.0,2100915,19842197,108838.0,6082948,3556061.0,12975321.0,657369.0,1904775.0,4453904.0,16717426.0,30250667,30250667,69945,891676.0,4262986.0,2006635.0
71,0,Female,396065.0,815106,815106,10268577.0,29568489,36891690,29010226,733434,213298.0,319702,112223.0,499455,4269851.0,462590,541886.0,423604.0,423604.0,561214.0,499456.0,1971560,1761558.0,3849785.0,8420137.0,11790038,4177390,198194.0,260235.0,260235.0,317248.0,1036864.0,230071,852201.0,14819462,61334.0,2326319,96682241,2495064.0,2045300,917601.0,450596.0,6076371,242331.0,241573.0,16404007,327845979,497132.0,30081798.0,955771.0,912557.0,6616.0,1766279,1059588.0,6391248,542182.0,2142655,1442489,24962.0,83428.0,48546.0,2884913,1688495.0,127395486,573926.0,7680773,152653,474745,524821.0,1425908,6285137.0,538577,201233.0,1716188,1716188,39760.0,39760.0,39760.0,105333.0,190163.0,11675667.0,160484.0,1454287.0,105855.0,477827,2455460.0,1285898.0,333038.0,595688.0,947928.0,412482,4894874,2543407.0,4099332,32162272,54071955,3745748.0,20465647,1314209,454501,2158515.0,10381995.0,2016216.0,69322717.0,2250952,1018844.0,2317062,15933423,132703.0,3477652,1580251.0,19077140.0,506657.0,274922.0,141312.0,1290604.0,25334421,25334421,372075,1986572.0,7256757.0,974162.0
72,0,Female,315405.0,255991,255991,1331503.0,2657662,7921432,2950169,581521,349075.0,192541,149226.0,1640035,502390.0,493667,257059.0,166786.0,166786.0,661788.0,225251.0,3566054,2638281.0,2888901.0,3724852.0,8106506,1877348,694756.0,1773534.0,1773534.0,512726.0,1139151.0,115247,303710.0,11430715,17439.0,338822,68733885,1148721.0,1778031,1864811.0,1121396.0,3891231,855098.0,360553.0,21393972,231350688,694425.0,5196560.0,275696.0,1128263.0,48346.0,170053,1434138.0,3311296,246887.0,491553,441354,7780.0,31541.0,16316.0,3420385,3907978.0,111179915,261142.0,13496694,306649,382344,675678.0,896447,2447718.0,725295,969320.0,2193078,2193078,506.5,506.5,506.5,190866.0,275695.0,4439825.0,1630901.0,1092200.0,547690.0,214388,770533.0,246881.0,123161.0,1324343.0,593365.0,691577,7033646,2706789.0,4867512,9821830,36490482,4082605.0,9925343,483389,901864,1309763.0,4273023.0,1125763.0,34109105.0,812674,73785.0,1048603,6799077,270252.0,4835237,2937404.0,4428775.0,1472797.0,220596.0,693768.0,3316341.0,12293906,12293906,456380,925500.0,2734303.0,1048303.0
73,1,Male,53793.0,419724,419724,4386727.0,9052789,16085480,8273042,489297,34656.0,115782,69129.0,702597,264957.0,249567,420195.0,185897.0,185897.0,1382414.0,350556.0,324557,2818969.0,2950947.0,3302782.0,5181061,704139,229935.0,245446.0,245446.0,218282.0,254239.0,136092,141290.0,20314423,61392.0,242025,56427257,375061.0,1200256,304727.0,242067.0,4508325,303461.0,71616.0,7699338,204663627,356247.0,14625259.0,226170.0,1342717.0,52582.0,119312,643152.0,4581745,262932.0,667518,304804,31675.0,91038.0,63562.0,3260311,1079060.0,72200041,378475.0,6077069,174532,452488,204109.0,717474,2442224.0,322011,163760.0,1426282,1426282,506.5,506.5,506.5,90495.0,54606.0,1560510.0,857499.0,451082.0,478965.0,202488,1006082.0,253030.0,71271.0,1724200.0,524428.0,399296,4827097,104863.0,1798625,7530472,23181243,3317042.0,5280804,737513,468265,1279640.0,1599761.0,1439407.0,28425574.0,700219,124160.0,1018378,6387304,104005.0,2229901,1812033.0,2279636.0,194546.0,255079.0,58574.0,1288876.0,19400683,19400683,524736,618837.0,2585396.0,988266.0
74,1,Male,25810.0,490262,490262,3151172.0,10759167,13789362,8215773,355664,114441.0,98705,182116.0,888833,349081.0,405856,699993.0,542872.0,542872.0,758167.0,570712.0,1941773,2706453.0,3555647.0,3217728.0,6142885,2063395,112017.0,1055247.0,1055247.0,221519.0,237752.0,132383,313322.0,13775259,4339094.0,632695,62467276,1265650.0,1700856,344316.0,297852.0,8336287,14880.0,345122.0,10153280,248417945,329450.0,15197740.0,668129.0,1065277.0,13400.0,494248,769195.0,4621734,345193.0,866353,448143,24660.0,58179.0,34332.0,3469478,1126202.0,79070433,1043255.0,952165,94348,174887,494847.0,1014707,3098314.0,384893,229457.0,278274,278274,86450.0,86450.0,86450.0,96999.0,36956.0,1640699.0,41244.0,874706.0,90257.0,228870,759568.0,810234.0,66267.0,4716176.0,1077525.0,1235793,5527532,271918.0,2657760,18488891,35231574,3232507.0,5482491,1529479,399145,1778610.0,2752883.0,1530778.0,47230948.0,1092494,452636.0,1488505,7661874,4552.0,6763541,2183865.0,2662347.0,358760.0,418121.0,44591.0,293515.0,19632788,19632788,442172,852509.0,3013852.0,984233.0
75,1,Male,447638.0,783008,783008,2965373.0,7131250,14424243,8089397,317181,80007.0,183534,237382.0,20006253,453608.0,254436,243294.0,383644.0,383644.0,899203.0,233763.0,1618477,707003.0,5201645.0,3054623.0,4896057,1441073,139269.0,2740685.0,2740685.0,165293.0,1937318.0,113254,190555.0,8230291,35701.0,675821,71609756,1270484.0,702201,764091.0,218410.0,7007270,764853.0,193697.0,14447788,172810866,203914.0,276224.0,648199.0,651205.0,30091.0,514711,723269.0,2299792,304452.0,1700965,518372,506.5,37486.0,3146.0,2003231,452944.0,143843241,721154.0,13356736,65658,133128,94580.0,1856833,2947942.0,1014757,509222.0,1049309,1049309,156879.0,156879.0,156879.0,117191.0,176649.0,3241618.0,1462453.0,632795.0,166101.0,192579,1654334.0,303854.0,205064.0,415389.0,1153976.0,570895,4741768,5733708.0,1828427,17061087,35921647,5392998.0,7950792,1185627,1287398,1771014.0,2817095.0,1248032.0,51139813.0,1155439,493639.0,1657849,11052944,17929.0,2951740,1568601.0,3490007.0,393033.0,259217.0,268743.0,2950808.0,12912711,12912711,380735,523882.0,3226242.0,665737.0
76,1,Male,155386.0,316795,316795,2578641.0,5200985,17107855,14321798,170664,122690.0,153646,381004.0,1792450,411678.0,106413,294225.0,388737.0,388737.0,154754.0,344346.0,1106932,1141876.0,1688276.0,3631103.0,8708380,4833219,142710.0,3356118.0,3356118.0,79038.0,1069139.0,112326,366954.0,4225286,607.5,541115,40851716,448160.0,1976498,2776410.0,1584891.0,3635575,1135025.0,296736.0,6890522,139942482,343977.0,13499271.0,482130.0,926922.0,12482.0,717050,4143776.0,5190196,300691.0,925998,869427,63771.0,151939.0,127608.0,4005817,203688.0,210803125,2679766.0,14462796,359517,84100,224216.0,611878,3860020.0,103160,249982.0,1769938,1769938,2124216.0,2124216.0,2124216.0,80454.0,45165.0,758965.0,69335.0,1126365.0,105429.0,189789,1472011.0,410302.0,146398.0,1602145.0,737002.0,1828194,1884544,607.5,2019827,20361082,37348687,2812225.0,10882409,4459313,1712592,1744849.0,8238760.0,1322237.0,93310278.0,1717235,175943.0,1097159,7905401,67325.0,1846325,740476.0,6881496.0,463186.0,154946.0,6734170.0,5504063.0,20416588,20416588,223301,1159520.0,6304734.0,799343.0
77,1,Male,4563.0,101036,101036,2365908.0,7353516,14714241,10273497,97433,51698.0,33032,71826.0,936924,84629.0,149869,222680.0,202077.0,202077.0,153385.0,208607.0,2161086,997840.0,1539929.0,402584.0,1327762,319174,301026.0,174889.0,174889.0,33825.0,2602107.0,37599,48639.0,3250629,506.5,238400,35782243,657009.0,640795,64490.0,19765.0,2588706,1484002.0,14446.0,5635457,166591893,87920.0,725293.0,327707.0,332219.0,4369.0,424433,923419.0,2855604,242483.0,298773,381308,506.5,19084.0,3736.0,1515010,34391.0,171714438,149032.0,23760858,34483,94526,32122.0,389281,898248.0,299345,156465.0,350715,350715,1770223.0,1770223.0,1770223.0,31702.0,506.5,2873093.0,7483.0,75002.0,56938.0,90517,341057.0,82664.0,67138.0,380317.0,503803.0,261792,1661104,4633266.0,1262976,11665925,20692586,3774948.0,12005798,519999,111809,986145.0,722056.0,302705.0,37239895.0,448920,285715.0,745504,8664274,131058.0,831488,469772.0,2190509.0,853068.0,60792.0,1871055.0,4492212.0,11830051,11830051,451911,1148796.0,1148796.0,270397.0
78,1,Male,20787.0,563223,563223,3180758.0,10023936,8362817,3824079,374897,127731.0,58981,20634.0,4236792,208953.0,293702,149091.0,99683.0,99683.0,493645.0,129634.0,922787,3084731.0,2131080.0,1728634.0,4972237,741385,196519.0,215369.0,215369.0,153649.0,1464410.0,96672,331854.0,14266236,506.5,5571,46483054,465557.0,1209073,374191.0,144139.0,5104246,691246.0,117021.0,7950458,151877499,289664.0,9207438.0,453227.0,919388.0,31964.0,109168,1192927.0,1996169,178523.0,795574,235569,506.5,40713.0,21047.0,3743521,282604.0,128430864,161276.0,11538100,155659,133610,180100.0,708437,3065495.0,294968,154044.0,2537755,2537755,1215985.0,1215985.0,1215985.0,122310.0,29769.0,1635417.0,24881.0,358787.0,304216.0,219611,954870.0,127867.0,207679.0,641246.0,876772.0,352369,4283723,15748.0,1846576,7899371,17445754,3862704.0,4813469,1012572,234211,2659896.0,1433683.0,1021305.0,25034541.0,1083256,196353.0,894587,2833034,139833.0,2518541,1772975.0,1703715.0,416347.0,282497.0,748762.0,2204512.0,10998954,10998954,459380,406906.0,2222951.0,703153.0
79,1,Male,106252.0,853720,853720,5605033.0,21546827,30163448,23790609,772653,24490.0,190902,87966.0,1654236,656910.0,587597,438681.0,2799516.0,2799516.0,1332514.0,396924.0,3635446,3508482.0,4677780.0,4098937.0,14246803,3454784,371674.0,567235.0,567235.0,335235.0,1797882.0,335313,2848519.0,29600997,607.5,887179,87076573,387012.0,2966309,692922.0,326448.0,13471634,742653.0,352459.0,6507394,410120736,506005.0,7040263.0,356122.0,1510226.0,32468.0,280458,1848751.0,6567386,564183.0,1439734,1524007,81344.0,109254.0,162272.0,11735326,823106.0,128144177,217224.0,17170568,886119,713831,255660.0,1182481,8171502.0,454955,520518.0,805050,805050,55269.0,55269.0,55269.0,189743.0,105040.0,3693226.0,143682.0,1212442.0,611221.0,485187,2483118.0,243679.0,98235.0,1560644.0,968176.0,797478,1379426,344716.0,4053013,18595084,48875904,3447383.0,15560377,1215235,1062771,3219982.0,9095868.0,2405805.0,44418957.0,2173571,17017.0,1137451,7466798,105092.0,6489935,6002057.0,4345459.0,967486.0,276254.0,110684.0,1573423.0,36008666,36008666,660710,1199314.0,4297409.0,1916054.0
80,1,Male,607.5,6294,6294,607.5,17669,8126,59974,7137,607.5,14883,607.5,3224,607.5,59378,607.5,607.5,607.5,607.5,607.5,31072,607.5,607.5,607.5,18829,3823,607.5,607.5,607.5,607.5,607.5,70606,607.5,62818,607.5,2726,1216671,607.5,74461,607.5,607.5,386580,607.5,607.5,39784,12966309,607.5,1981876.0,607.5,607.5,607.5,56056,2628.0,2797,607.5,37620,1402107,607.5,607.5,607.5,6288,607.5,5273412,607.5,26066,18729,23168,607.5,21023624,607.5,1070694,2628.0,5017,5017,607.5,607.5,607.5,607.5,607.5,607.5,607.5,607.5,607.5,2948,607.5,607.5,607.5,607.5,607.5,2612,369578,66641.0,41736,131797,2892656,607.5,32499,2755,4774,607.5,607.5,607.5,607.5,757238,607.5,1191743,4523,607.5,14716,607.5,607.5,292549.0,607.5,607.5,607.5,2656016,2656016,1860981,607.5,607.5,607.5
81,1,Male,404783.0,400522,400522,5988080.0,15824960,34174908,21966458,241909,37276.0,260424,159163.0,483373,751443.0,229712,222079.0,545217.0,545217.0,244615.0,220112.0,843385,1052946.0,3099285.0,1970354.0,12035630,1026110,270423.0,7405588.0,7405588.0,146609.0,955850.0,105718,207720.0,8398849,4757.0,445498,67464495,788163.0,1941290,858737.0,409419.0,5148605,1324607.0,232044.0,6206683,266999416,58546.0,402061.0,766517.0,869839.0,5386.0,1278883,2085972.0,3561978,332405.0,638923,784403,607.5,13400.0,30008.0,3465122,814722.0,191322115,697357.0,23284087,181709,54977,136764.0,822566,5375053.0,416971,1039403.0,1105692,1105692,607.5,607.5,607.5,118194.0,225462.0,11211184.0,162784.0,1234291.0,92204.0,294890,905050.0,155443.0,138020.0,282380.0,1114870.0,536723,4597352,121858.0,1322770,25283653,35181562,3874230.0,26415280,1072067,978487,2095237.0,5968562.0,1123451.0,88813722.0,2242858,550789.0,868046,16796258,461295.0,2320772,1643155.0,26735420.0,1033241.0,63397.0,639572.0,4966776.0,19267218,19267218,637036,329299.0,2686538.0,941223.0
82,1,Male,482320.0,735905,735905,6714250.0,27340905,38999155,28740009,535665,364047.0,169029,151394.0,9679727,1427392.0,292129,351101.0,159508.0,159508.0,463226.0,279088.0,699541,1835313.0,3307003.0,3116490.0,11425397,2841948,91145.0,4371896.0,4371896.0,174008.0,1258516.0,84983,891582.0,10323538,607.5,1251987,72017724,3191637.0,1244513,415416.0,166914.0,4658844,2551169.0,13029.0,20451005,245973912,195423.0,3572777.0,810792.0,1014129.0,31030.0,391628,1073283.0,3361073,275530.0,1784568,786557,607.5,607.5,2658.0,5078614,1098758.0,199992654,307490.0,35615902,273933,195059,331135.0,1484598,4543903.0,565170,290495.0,1625382,1625382,33623.0,33623.0,33623.0,137759.0,350166.0,5795594.0,2119342.0,1222086.0,384247.0,341140,2299881.0,890490.0,137661.0,1251900.0,652793.0,258475,5473670,575071.0,3101419,17865426,63462308,3881815.0,10230636,1421136,739740,1655765.0,4899039.0,1651266.0,48350481.0,1265062,452941.0,4530326,15796056,69335.0,2366620,1355536.0,9190570.0,109296.0,213104.0,928350.0,8170837.0,21309585,21309585,432337,736191.0,4661221.0,682704.0
83,1,Male,90304.0,496530,496530,1118766.0,4169400,6133088,3202335,609298,125757.0,122377,91736.0,1435485,616543.0,410696,899765.0,401049.0,401049.0,1199885.0,293158.0,1583311,4195242.0,4207692.0,3124645.0,6233648,1594279,337518.0,1009447.0,1009447.0,301420.0,143758.0,148568,778474.0,13717950,6785058.0,384887,45611824,326532.0,1027680,304969.0,264162.0,6161106,206752.0,250216.0,8698386,190126687,691206.0,64079596.0,350500.0,1321918.0,48243.0,199423,1094409.0,3005268,214847.0,1504009,492585,61580.0,89978.0,67344.0,4495355,1255037.0,117614329,129055.0,4331271,172470,283425,551648.0,1866041,2773090.0,486834,266933.0,341043,341043,617269.0,617269.0,617269.0,149355.0,42583.0,2465676.0,23215.0,917362.0,413788.0,267832,789933.0,420719.0,69109.0,2413501.0,707831.0,1350887,6318717,1138577.0,3615402,8254416,59802358,3741077.0,6126397,875280,513799,1450572.0,3152489.0,1239980.0,29823451.0,1035387,150923.0,1686578,2257009,20628.0,4618929,2639156.0,1260796.0,295492.0,590399.0,840400.0,1243233.0,14557794,14557794,520232,683537.0,2292813.0,819891.0
84,0,Female,22132.0,616505,616505,6615889.0,12738320,26413961,16728456,404957,104208.0,118487,140884.0,323503,503743.0,369906,487481.0,116331.0,116331.0,744303.0,469416.0,2041124,227738.0,3400014.0,3087533.0,8876747,2220372,114233.0,2311798.0,2311798.0,296703.0,1321370.0,134228,425333.0,12620689,36273.0,679987,85738670,1309437.0,1097227,491326.0,415719.0,5896476,944880.0,30648.0,15470293,279601359,525700.0,6901101.0,315300.0,1388218.0,60358.0,116052,153077.0,6282666,471787.0,979095,381315,506.5,94045.0,12157.0,3237823,1159593.0,159969939,551402.0,15306747,320995,246603,137044.0,1415122,3615565.0,513001,247722.0,1244474,1244474,11094.0,11094.0,11094.0,212511.0,34694.0,1052291.0,232182.0,1037651.0,575842.0,291754,2223135.0,506.5,219946.0,206345.0,734889.0,522959,8048282,876227.0,2767378,10802534,32712866,5871124.0,6860970,973957,950333,1577858.0,4142610.0,1258902.0,31572941.0,772253,169836.0,1972816,18277207,8337.0,4499557,1049027.0,10585265.0,1310165.0,155159.0,451050.0,4150095.0,20372146,20372146,432220,758840.0,3187813.0,1386405.0
85,1,Male,26306.0,127610,127610,168860.0,424248,1605625,382916,461571,11847.0,88344,2226.0,249063,54620.0,338522,168152.0,144403.0,144403.0,32536.0,152201.0,60613,1230150.0,448002.0,1156098.0,1933379,286862,64096.0,153802.0,153802.0,80657.0,19479.0,53952,116121.0,773619,506.5,49709,14470584,125875.0,1066615,119766.0,109634.0,1331969,46253.0,2860.0,2221409,48426432,117445.0,56000.0,24741.0,575180.0,14931.0,42377,137682.0,3373688,191148.0,288138,277966,506.5,506.5,506.5,1401698,534510.0,52132481,57921.0,1229846,136205,322410,183720.0,261456,1625343.0,175822,68906.0,137084,137084,53227.0,53227.0,53227.0,51749.0,13541.0,547533.0,49792.0,211790.0,209667.0,149700,189911.0,70354.0,11751.0,480188.0,337696.0,1050840,1488898,3975.0,714549,4449910,12889363,915085.0,3897520,615370,78505,518589.0,855283.0,559288.0,5794247.0,561660,12311.0,361874,870146,11627.0,1029935,1287780.0,415482.0,374131.0,91203.0,456321.0,400660.0,10345708,10345708,124946,152678.0,709983.0,284491.0
86,0,Female,392119.0,12732,12732,7596396.0,28957490,32122101,21195395,1037357,245818.0,250808,79918.0,20655272,810110.0,2150276,31117.0,226647.0,226647.0,1066984.0,25129.0,4530178,426851.0,4662180.0,1018399.0,20755862,5028201,87315.0,558252.0,558252.0,108690.0,691410.0,547064,134990.0,13291143,116038.0,1231557,137353765,4773443.0,1747658,5405773.0,36959.0,10816426,1077267.0,24549.0,16824194,337730681,215304.0,39943.0,784034.0,1144088.0,607.5,457672,1961794.0,8458358,593223.0,2545036,1178453,17487.0,29383.0,26579.0,6470093,2216231.0,152151968,824445.0,27503038,1521835,100955,435918.0,1010573,8982370.0,845676,274025.0,4714702,4714702,40397.0,40397.0,40397.0,98525.0,317999.0,6054182.0,201237.0,2501923.0,629427.0,485773,2734981.0,234622.0,223580.0,824964.0,464366.0,779507,10171977,1833503.0,3642819,18344870,647347411,5021031.0,21892610,2297696,698037,1867531.0,12219016.0,3819067.0,56754267.0,2114137,607.5,3903664,8769578,36582.0,3288352,4199392.0,20436336.0,1173873.0,36052.0,44857.0,1264678.0,27502756,27502756,134703,673562.0,2566634.0,976266.0
87,1,Male,174319.0,428413,428413,3149195.0,10791789,21518123,12764878,541323,305441.0,127350,268147.0,6276978,435834.0,291200,312709.0,300502.0,300502.0,1299489.0,313124.0,176414,1959167.0,1994147.0,1696309.0,10369892,1628786,215128.0,5443380.0,5443380.0,255829.0,3980481.0,233341,1318163.0,26541282,607.5,1178728,88780028,1021477.0,1802395,711158.0,337118.0,5413780,1268409.0,121988.0,14365282,216036052,31143.0,607.5,528618.0,1194126.0,22773.0,175876,1347974.0,3536246,271031.0,1064281,772252,607.5,5327.0,5559.0,3053550,259755.0,160289219,3785003.0,19412796,346467,180915,69455.0,1170097,4472861.0,297563,344288.0,850630,850630,171546.0,171546.0,171546.0,128201.0,170022.0,4960528.0,12965.0,762300.0,562880.0,394861,933410.0,106061.0,160540.0,648685.0,560710.0,406054,6717247,172636.0,2113616,17672646,36485185,3766585.0,16280861,1625629,1154005,1281499.0,8369060.0,1573257.0,54259880.0,1335497,327859.0,2345706,4239757,155355.0,4740682,1974808.0,15667875.0,180275.0,87821.0,147464.0,2500551.0,21954805,21954805,299775,424305.0,3128586.0,887638.0
88,1,Male,11462.0,220300,220300,1827455.0,4949994,9660665,6743005,190799,182544.0,89418,137858.0,255578,132482.0,388316,369662.0,483086.0,483086.0,67392.0,351214.0,301102,7829862.0,2006199.0,2268719.0,2953800,1130489,101118.0,389262.0,389262.0,108106.0,361681.0,81597,63002.0,2372706,506.5,249920,43337302,2605726.0,647151,161959.0,116319.0,3570628,762211.0,147108.0,22950174,172079571,123534.0,3575647.0,292279.0,753676.0,15369.0,431617,704904.0,2084508,169455.0,574090,415034,6904.0,36209.0,25214.0,3224543,1471634.0,186104653,672976.0,11840608,102500,137590,233008.0,654897,1934894.0,299910,185217.0,218450,218450,57996.0,57996.0,57996.0,98158.0,15154.0,1420913.0,20333.0,371012.0,161174.0,228939,512907.0,175121.0,89812.0,512036.0,876068.0,260486,6180385,122628.0,1978258,9749041,17176260,4454015.0,4917002,756426,230317,1422191.0,2328518.0,740202.0,37329978.0,1172772,783742.0,1091221,7061534,13025.0,1865321,1418819.0,2141288.0,467770.0,123452.0,2127944.0,5282683.0,10064988,10064988,491570,388965.0,1887755.0,715703.0
89,1,Male,72099.0,220547,220547,10652067.0,18535386,30919250,20766019,163974,259085.0,57334,369783.0,5533137,303497.0,64332,260854.0,384589.0,384589.0,767169.0,594244.0,779319,2056881.0,841044.0,2659929.0,10053531,2640988,607.5,152027.0,152027.0,110633.0,8245262.0,86471,328102.0,12586074,64919.0,171546,85426960,1108821.0,1442885,187273.0,95369.0,3400900,1204114.0,4210.0,14539768,168463952,229074.0,1526423.0,226495.0,824275.0,14954.0,265119,2297602.0,3521529,319397.0,659395,196376,607.5,4980.0,607.5,1282466,177702.0,207469502,2206239.0,13157642,229285,95995,132202.0,340941,3052416.0,85665,1467396.0,508652,508652,1297044.0,1297044.0,1297044.0,68329.0,65710.0,5121352.0,63276.0,1012555.0,240444.0,116568,451329.0,110000.0,67372.0,722021.0,596984.0,2350718,2923157,541638.0,4687048,8394533,56720045,4733665.0,11303928,2004142,922752,1386527.0,16905160.0,1483255.0,87692774.0,1326853,308157.0,1138285,12554414,143692.0,2536040,1032992.0,12279232.0,67265.0,120630.0,3120767.0,1823112.0,24969299,24969299,104296,649477.0,4931386.0,2334220.0
90,1,Male,116891.0,570489,570489,8588255.0,11848354,35717402,23114124,724523,5005.0,83958,307418.0,1335088,842261.0,573223,186366.0,139672.0,139672.0,1163589.0,150593.0,967632,2697860.0,766111.0,2659348.0,4739466,803339,21715.0,5332074.0,5332074.0,175092.0,408634.0,202427,320554.0,13227977,506.5,353761,40855749,511174.0,950657,367180.0,172135.0,2445918,105749.0,586838.0,1591583,104766018,676324.0,2386629.0,603907.0,1043575.0,24241.0,304148,142134.0,3286710,356125.0,1285245,172356,26780.0,56584.0,29615.0,3622832,451843.0,44366556,388406.0,2557571,274888,278922,223288.0,381110,4849841.0,230028,121250.0,318631,318631,38299.0,38299.0,38299.0,105685.0,29746.0,1788385.0,20503.0,699281.0,149132.0,213729,607810.0,178781.0,68716.0,157253.0,893188.0,586856,2060827,43394.0,1322716,13957325,52946800,1523141.0,4912132,667006,658492,2223034.0,1825109.0,1244300.0,48310971.0,1207702,280863.0,926689,13098590,3631.0,1518158,2013196.0,3373115.0,30761.0,470657.0,93920.0,463874.0,14933350,14933350,110667,542969.0,1641061.0,572469.0
91,1,Male,25968.0,132391,132391,28109.0,201374,280575,1284583,50562,506.5,29312,506.5,329814,72838.0,53281,37410.0,21277.0,21277.0,47288.0,35636.0,558638,316914.0,144150.0,503849.0,403760,166233,57395.0,65087.0,65087.0,29740.0,83463.0,42482,28118.0,1284583,506.5,21489,12883732,39606.0,299635,69650.0,23589.0,1171843,47221.0,11825.0,472702,32525817,58972.0,2002807.0,4522.0,187343.0,2282.0,18003,115927.0,1475133,104606.0,221330,33145,3350.0,2353.0,506.5,448914,40214.0,33001422,31335.0,878277,40940,51166,23326.0,79349,659954.0,75757,10225.0,118762,118762,63153.0,63153.0,63153.0,8420.0,14006.0,532093.0,52657.0,42486.0,52432.0,48427,175842.0,22912.0,15605.0,90757.0,339282.0,209664,452022,190556.0,278445,1464267,3726080,607209.0,2178001,365946,33078,259156.0,121178.0,418277.0,6059883.0,203987,6825.0,168991,35612,3117.0,359500,384324.0,184807.0,514562.0,14325.0,67960.0,88664.0,6173163,6173163,160157,94558.0,559835.0,66633.0
92,1,Male,3634.0,132201,132201,219550.0,827868,1976782,1346657,59979,27844.0,34904,22509.0,128872,24538.0,108589,144663.0,235333.0,235333.0,16167.0,127070.0,759523,849334.0,518018.0,480545.0,706206,99223,49574.0,23080.0,23080.0,80034.0,148137.0,35314,26261.0,590427,506.5,49993,24700177,172748.0,496975,55997.0,37621.0,2385213,104822.0,21071.0,2478302,62243657,76843.0,5346757.0,9969.0,278598.0,2549.0,15952,304025.0,1346418,118312.0,185850,259507,506.5,506.5,506.5,2047220,75230.0,109769667,33928.0,2572500,78736,60367,33661.0,131476,547265.0,56626,63903.0,1046835,1046835,273372.0,273372.0,273372.0,20209.0,6794.0,866425.0,506.5,86230.0,98479.0,97377,253582.0,68650.0,26997.0,526560.0,165410.0,181956,738944,57967.0,691978,3318525,6914537,2564076.0,2364973,116450,46647,251154.0,330762.0,248633.0,13937563.0,431388,14170.0,267982,1313160,182282.0,506796,488674.0,989606.0,460946.0,56249.0,804262.0,1140898.0,6690838,6690838,248808,92223.0,656739.0,96707.0
93,0,Female,27028.0,149044,149044,434366.0,3151094,2568169,2112594,97255,50618.0,88971,10790.0,282063,150032.0,158842,214175.0,145924.0,145924.0,51456.0,198899.0,1267310,2281108.0,459294.0,731894.0,1615313,266256,133064.0,61160.0,61160.0,103930.0,88690.0,48763,180986.0,1429180,52910471.0,211447,59487334,156320.0,938594,87255.0,62836.0,3186914,69688.0,506.5,6278294,112041248,17298.0,283052.0,48800.0,485666.0,15932.0,43177,448093.0,1368330,150124.0,305451,133243,506.5,506.5,4630.0,668131,283252.0,76731373,127317.0,1719545,45320,63122,80716.0,264512,892298.0,259272,128727.0,16383,16383,8304.0,8304.0,8304.0,44553.0,4065.0,1587207.0,198502.0,157296.0,82088.0,116860,676022.0,129672.0,100424.0,632239.0,471100.0,311250,5697953,892307.0,659222,4455849,9423110,3460140.0,5149132,253857,112024,571164.0,1240856.0,545894.0,13884009.0,376999,46234.0,539015,3349907,123331.0,3063019,419269.0,996306.0,177978.0,3832.0,181765.0,460258.0,7837892,7837892,310902,186003.0,1274503.0,251072.0
94,1,Male,306347.0,975475,975475,24371841.0,58495251,66102394,40862097,2072868,325985.0,459213,160750.0,5983950,1506027.0,1730833,275265.0,332295.0,332295.0,1646763.0,265275.0,1348614,705181.0,8525375.0,12066534.0,21105604,6916403,210371.0,300727.0,300727.0,221847.0,7864367.0,483456,719008.0,44277093,59889.0,760434,115234400,6016819.0,1949940,1907337.0,891461.0,17546284,511823.0,111823.0,24385218,371254221,169008.0,2129319.0,980791.0,954373.0,607.5,435230,3729873.0,5244035,531796.0,1817574,1695751,49768.0,64696.0,61043.0,9639914,4644756.0,169283201,346163.0,10579249,523127,694234,1485540.0,3603865,7222883.0,751843,956195.0,10102704,10102704,12172.0,12172.0,12172.0,140050.0,285320.0,8361804.0,177931.0,894884.0,520444.0,320619,2821719.0,464080.0,241767.0,1712070.0,697833.0,1017392,3647887,803335.0,2899717,19083477,77958821,4769101.0,9523829,3774954,738560,2278638.0,16377840.0,2054145.0,60441129.0,2406965,535438.0,1424367,30706485,231157.0,17695990,7318566.0,13674507.0,493690.0,202267.0,393720.0,4348627.0,24861056,24861056,796559,3040034.0,9689440.0,1314640.0
95,1,Male,131148.0,1095122,1095122,895432.0,3382722,9579482,4126230,1308292,85318.0,188919,120950.0,1578174,321103.0,693096,33258.0,495888.0,495888.0,709026.0,21384.0,2614207,858681.0,10814109.0,8605488.0,21081827,6764574,445509.0,390440.0,390440.0,385699.0,1109846.0,553135,2305114.0,9301430,78328.0,829089,100992252,385458.0,4527118,691184.0,458103.0,12900700,181875.0,220872.0,16081530,579336315,266607.0,14203562.0,505148.0,2135864.0,60673.0,379190,5356208.0,6921479,377292.0,2432200,1926239,607.5,61142.0,61142.0,7164418,1614299.0,173286047,698400.0,5451930,1035938,1059959,298631.0,2344511,9573650.0,934756,963780.0,9317541,9317541,48389.0,48389.0,48389.0,223997.0,134113.0,12214722.0,30299.0,1519152.0,971682.0,474493,2426826.0,312706.0,68025.0,2683294.0,907771.0,2269400,6937233,2332860.0,4915952,16210330,84204810,4693216.0,14384197,2021275,1279410,3007656.0,21412050.0,3688307.0,59207762.0,2082900,390907.0,1932379,1784650,587342.0,8510941,5944523.0,14110683.0,1296234.0,382700.0,543469.0,6586039.0,27835970,27835970,1024104,2262955.0,6191537.0,2013482.0
96,1,Male,55462.0,1137610,1137610,11099724.0,29237805,50601116,33371485,1074418,267248.0,231183,40554.0,2543303,421456.0,811993,1327941.0,521228.0,521228.0,2275944.0,1072694.0,5114332,3748189.0,6333108.0,6947343.0,15513840,6006627,105480.0,205935.0,205935.0,458999.0,1007314.0,247897,1629695.0,34368288,39095.0,3244652,86510187,1737284.0,1841637,569419.0,330000.0,7093063,652038.0,399663.0,21852002,357368592,96559.0,49891220.0,481317.0,1747180.0,66923.0,274130,156561.0,8778191,528870.0,2912081,973423,607.5,70674.0,48862.0,5140884,1871807.0,176572621,832185.0,16428082,914957,894346,522717.0,2538953,4999303.0,1123817,755235.0,6186480,6186480,163398.0,163398.0,163398.0,281789.0,71453.0,1721090.0,59183.0,2410025.0,889040.0,454355,2802274.0,1089514.0,450798.0,978373.0,575976.0,511108,10349957,288835.0,5617064,16399355,83546473,4741100.0,14717785,1441333,690910,2997367.0,12859378.0,2619549.0,56178257.0,2328065,432345.0,3636413,10029602,19086.0,4791608,2781797.0,28603692.0,1082292.0,299101.0,787242.0,4437004.0,33702648,33702648,322675,2457038.0,6115103.0,1910776.0
97,0,Female,402890.0,476114,476114,6043357.0,24795934,21669105,14276670,940965,240219.0,153489,37141.0,1935469,226903.0,893964,1793570.0,369095.0,369095.0,2119886.0,1668394.0,1473779,2882274.0,2315279.0,2176577.0,20310595,2021501,69469.0,177208.0,177208.0,226313.0,1266858.0,352648,1795317.0,17014484,607.5,1065528,73762434,1009268.0,1769749,549092.0,275509.0,3206841,858352.0,100077.0,17981653,365267520,207095.0,607.5,451904.0,1706372.0,37184.0,212064,715155.0,9347559,462617.0,1077535,1432809,28046.0,30337.0,9257.0,4943534,843535.0,205174401,355945.0,15949992,238649,460715,226476.0,1147222,7089946.0,617688,26291.0,2700108,2700108,384374.0,384374.0,384374.0,194435.0,375009.0,5428893.0,45254.0,2937414.0,561433.0,307996,1501085.0,344661.0,196801.0,156411.0,756421.0,247050,12365702,178738.0,4060073,15739685,48563038,4223844.0,35196447,1611255,323405,3339605.0,9557133.0,1996780.0,34243845.0,1250972,11649.0,4574076,2225353,39497.0,2223432,1552355.0,7238562.0,450752.0,66684.0,270958.0,1793605.0,26111146,26111146,490946,703043.0,2464180.0,1685395.0
98,0,Female,822593.0,114987,114987,1749826.0,8280861,6552813,4819835,147949,71052.0,76525,68777.0,141280,159229.0,153132,218458.0,182266.0,182266.0,292124.0,229431.0,88912,1287218.0,1987452.0,385520.0,3937524,696087,93917.0,113812.0,113812.0,97210.0,365508.0,57771,101427.0,3097542,34910641.0,515284,74362057,1681415.0,583041,78873.0,55619.0,1905842,291297.0,29217.0,11611497,65374877,153208.0,23345260.0,244174.0,561485.0,28145.0,345285,316151.0,3224334,265050.0,213359,483331,506.5,3933.0,506.5,1393559,726537.0,66771005,934525.0,4880254,284890,124847,90113.0,577719,771663.0,108715,136146.0,56835,56835,506.5,506.5,506.5,51547.0,235721.0,1756511.0,60582.0,99760.0,111184.0,252454,321802.0,90391.0,304500.0,282232.0,343030.0,99383,4133459,519380.0,1873146,10018227,20143886,2853177.0,6202177,581369,171188,542904.0,43710992.0,552775.0,21133173.0,728039,188389.0,566842,7296432,9425.0,1018813,531322.0,6746224.0,246243.0,67131.0,59280.0,1121181.0,10561840,10561840,484110,280533.0,1380752.0,326921.0
99,1,Male,607.5,459908,459908,2324725.0,13146747,14478896,10323782,432346,278998.0,172129,143535.0,21581115,705508.0,292948,654753.0,267130.0,267130.0,474992.0,877479.0,2065993,3304203.0,4706634.0,3795870.0,18832254,4855873,277808.0,161389.0,161389.0,277152.0,566598.0,388663,1026481.0,11853595,607.5,139095,81613610,931429.0,1207837,824831.0,458026.0,6114032,1442991.0,607.5,20738058,125412476,520229.0,790068.0,582036.0,1816199.0,24703.0,230732,865840.0,15032702,970164.0,1304429,1595725,607.5,3219.0,607.5,7077967,686014.0,192996295,1157001.0,19753891,388278,284947,162706.0,941359,3369609.0,228975,93676.0,406938,406938,368992.0,368992.0,368992.0,160017.0,50932.0,236245.0,135792.0,2210160.0,582331.0,490113,1212028.0,289977.0,135363.0,1788472.0,647310.0,2007199,2796145,129309.0,2594627,14043636,57152086,4935629.0,23621866,5786230,481198,1986140.0,13859039.0,2368661.0,78959981.0,2076052,696694.0,1178526,5238686,25127.0,10530571,1288961.0,10919250.0,1276946.0,472754.0,2373218.0,2278201.0,38317810,38317810,707190,680881.0,3936963.0,1054678.0
100,0,Female,29618.0,158613,158613,3692288.0,9286713,16307390,10460181,185875,74978.0,48905,67302.0,73415,62486.0,156110,230887.0,133576.0,133576.0,134648.0,211750.0,236527,1139646.0,672124.0,1130733.0,2057716,334467,79872.0,115113.0,115113.0,76200.0,148221.0,57241,110161.0,4101833,506.5,237240,38729859,717563.0,381386,79986.0,80480.0,3103335,172914.0,74837.0,8031156,104278266,183333.0,572116.0,129602.0,528537.0,12591.0,257337,526027.0,5270986,272057.0,309755,384965,3178.0,506.5,7241.0,979478,525313.0,102013765,208312.0,3170075,93248,107766,108649.0,235875,1589217.0,165820,139693.0,243413,243413,75779.0,75779.0,75779.0,59879.0,3796.0,2038447.0,63546.0,197429.0,101959.0,147776,178852.0,67146.0,50179.0,302514.0,593608.0,382428,3932830,2397240.0,1356258,7848324,19556598,3100059.0,5402900,300962,107823,494530.0,997827.0,644228.0,23021238.0,470685,113389.0,685502,7678075,34361.0,3538906,585724.0,1662368.0,360289.0,69292.0,786001.0,1947807.0,11508378,11508378,136858,185029.0,895537.0,183515.0
101,0,Female,607.5,387481,387481,8345069.0,37430772,15725469,22882567,1448865,585004.0,277418,145278.0,483011,1294920.0,2135820,1682514.0,612553.0,612553.0,480027.0,1570717.0,2646610,195656.0,4534492.0,4003774.0,26003200,4014463,112895.0,4279904.0,4279904.0,190115.0,472250.0,462247,1132712.0,7808108,224051974.0,2320581,119821778,3057856.0,826581,280490.0,203926.0,6348002,1616235.0,263399.0,43259440,509148085,799965.0,23084770.0,916033.0,1023604.0,7629.0,450372,1110000.0,8812156,810985.0,1187421,623925,84343.0,134764.0,135914.0,7495832,2803754.0,329688562,810095.0,27371086,657194,534706,530904.0,1073618,1513158.0,991164,31045.0,427556,427556,99109.0,99109.0,99109.0,174786.0,29122.0,21936001.0,704229.0,467285.0,607.5,520474,2185381.0,86927.0,249246.0,1106952.0,420672.0,650730,5261812,416317.0,5408091,14002619,88101995,7478499.0,28765693,2883699,668231,1442094.0,21358813.0,1534899.0,57295298.0,2379379,370109.0,1914753,10830484,77759.0,4396182,3671542.0,21807244.0,81322.0,322952.0,709255.0,4198512.0,19528858,19528858,599182,991340.0,4136622.0,922962.0
102,0,Female,64850.0,266425,266425,34289.0,70163,1370420,256757,222493,167079.0,86739,221871.0,362314,676603.0,124009,378102.0,664116.0,664116.0,128223.0,436994.0,750455,2457264.0,1214379.0,2900228.0,9122643,2568798,305324.0,833686.0,833686.0,123087.0,1233059.0,66136,276205.0,2204912,2576327.0,1047600,63555282,192544.0,933221,330671.0,198921.0,5528994,580946.0,117332.0,8958894,177424262,79846.0,333427.0,265030.0,723213.0,25765.0,88147,2724339.0,4267614,241448.0,1013663,788246,30036.0,45014.0,50054.0,3214674,407801.0,164064021,1942515.0,8010433,198070,132201,38275.0,549374,2145939.0,440582,751495.0,402632,402632,1792082.0,1792082.0,1792082.0,102017.0,11181.0,7329764.0,103157.0,915446.0,360109.0,301024,1030094.0,171037.0,358589.0,1470640.0,716113.0,387911,10012208,23940564.0,5757986,9059148,26532231,3092066.0,18028380,632510,535129,1497270.0,16621131.0,950732.0,66832083.0,724557,50649.0,2013568,1788695,1021892.0,3692619,438924.0,16300387.0,2623.0,42905.0,3041016.0,5805691.0,16313321,16313321,182736,651714.0,2744678.0,828816.0
103,1,Male,71642.0,188988,188988,413059.0,3946445,4124652,2327941,219920,25483.0,77563,3938.0,423052,242145.0,171930,32997.0,77360.0,77360.0,1022220.0,607.5,781640,1334514.0,991725.0,2459265.0,2988499,1743444,186837.0,49382.0,49382.0,89182.0,217219.0,91408,296219.0,20547711,8221636.0,217358,55367275,44388.0,2396736,140161.0,84478.0,3372691,95017.0,24468.0,1657599,169041228,49443.0,1687281.0,32219.0,506989.0,607.5,51359,607.5,3251017,274481.0,436041,1082398,607.5,607.5,3485.0,1767880,150118.0,54797314,266670.0,1933340,193963,137935,133152.0,191524,1942877.0,63168,165829.0,834765,834765,87067.0,87067.0,87067.0,42165.0,607.5,809171.0,53598.0,190612.0,167310.0,126384,437496.0,88508.0,3400.0,674037.0,428790.0,575599,189370,3313334.0,1775707,6525569,20340667,1347852.0,4874498,665745,261986,457743.0,3708234.0,710869.0,22325466.0,806724,28393.0,419864,8521,219564.0,1333556,1153312.0,4475693.0,444773.0,36925.0,49451.0,90455.0,18113923,18113923,202343,813349.0,2993219.0,364352.0
104,1,Male,247213.0,988064,988064,17622620.0,48462830,54057483,32854120,1839142,376084.0,211658,213640.0,13268847,583306.0,1177122,833682.0,535147.0,535147.0,4183801.0,787735.0,11155460,2251667.0,4616472.0,4796229.0,56208841,2597793,461574.0,858457.0,858457.0,415546.0,7314582.0,386410,1926751.0,65752669,607.5,1069205,121540220,2788576.0,2313462,700751.0,378962.0,12125095,1024353.0,607.5,37536317,589547778,276433.0,1169390.0,664374.0,2075373.0,57706.0,452818,3651287.0,6640447,562499.0,1729409,816772,6269.0,14961.0,24447.0,9541625,2770479.0,265043100,595686.0,23102582,430728,597485,480600.0,2184102,9939020.0,616421,734563.0,2666309,2666309,164190.0,164190.0,164190.0,253675.0,439662.0,10510997.0,300935.0,2067989.0,1125036.0,539778,2818703.0,683427.0,275350.0,1434317.0,939551.0,1252614,3795717,647065.0,5332804,20441173,94685985,6407394.0,20829779,3230502,724637,2495504.0,23633853.0,4099773.0,79585185.0,2757198,185503.0,2301190,8239664,286788.0,7843444,5604429.0,12844173.0,465878.0,301091.0,354295.0,3695891.0,31448100,31448100,810960,1350162.0,4340784.0,2037601.0
105,1,Male,1876866.0,556087,556087,2062432.0,3993213,12123953,7324554,268181,342528.0,120894,63222.0,293779,595102.0,160848,437560.0,288552.0,288552.0,111974.0,412147.0,2153695,3011036.0,3154622.0,4297838.0,5401891,2568072,183150.0,70385.0,70385.0,348489.0,4409483.0,61865,422142.0,1872094,213196.0,1936043,75658028,1109329.0,1400908,2555777.0,1804023.0,4644817,518717.0,317319.0,16428485,138636618,184866.0,168674.0,166144.0,976518.0,30241.0,107457,563595.0,3124246,175444.0,1248317,326601,113489.0,219006.0,179405.0,4184450,635747.0,131772375,394574.0,7931020,97873,108534,231941.0,1000850,4257439.0,370556,397104.0,1455273,1455273,127715.0,127715.0,127715.0,86839.0,1599267.0,1053384.0,310138.0,756601.0,428016.0,175375,1572229.0,935186.0,187810.0,1908502.0,1143735.0,773001,2502968,118728.0,3576171,7760012,19250029,4314182.0,4688312,593559,455324,1304633.0,5058591.0,1328962.0,24456605.0,667065,123903.0,798620,4190884,35143.0,3051833,1047074.0,3760612.0,543027.0,198172.0,623597.0,4733706.0,12246814,12246814,1040912,1010488.0,5145313.0,996765.0
106,1,Male,62054.0,406842,406842,5878251.0,7198114,31446516,15992338,381802,132190.0,265774,629000.0,2119319,633718.0,198000,273156.0,639054.0,639054.0,649277.0,309733.0,1800273,2511176.0,1358564.0,2997575.0,11166962,2821520,303568.0,2764411.0,2764411.0,104417.0,1591788.0,92586,1220242.0,11042657,607.5,210317,49754342,2417119.0,1742250,339748.0,127395.0,7462677,1759590.0,30922.0,17672299,166766804,442912.0,26588247.0,847407.0,974595.0,21653.0,343915,877177.0,3261876,282048.0,1042913,409309,607.5,2330.0,607.5,4148939,1019406.0,140513090,1334923.0,22396025,326328,16153,62313.0,732935,2696055.0,300296,583523.0,691093,691093,162982.0,162982.0,162982.0,185960.0,43331.0,848851.0,84848.0,698722.0,448370.0,272599,1817833.0,265859.0,104416.0,1365346.0,479911.0,1349066,1568541,155940.0,2507123,20510820,140794239,2230682.0,19674512,3500693,1411822,3241793.0,7223657.0,1285642.0,95110257.0,1770559,225051.0,1171670,11191873,238376.0,7641709,752892.0,13294326.0,198076.0,195301.0,1820519.0,3248846.0,18594833,18594833,205697,606512.0,4345921.0,730991.0
107,1,Male,11139.0,577776,577776,3927519.0,9503828,13480559,6798625,289562,167230.0,148481,124745.0,570529,209078.0,255803,216460.0,123982.0,123982.0,230635.0,209557.0,531841,2464258.0,1189366.0,2242381.0,4410913,729788,109753.0,214236.0,214236.0,132026.0,557924.0,74961,431919.0,3921447,32198.0,270837,54686668,890992.0,896891,734568.0,209881.0,3157852,954866.0,116888.0,18604535,110526238,118160.0,1770046.0,249965.0,891435.0,32710.0,282701,499403.0,3911204,357178.0,1081046,342417,506.5,16056.0,16056.0,2125726,1003447.0,142235326,349105.0,13477962,60455,143803,151206.0,674429,2287730.0,210955,173673.0,228394,228394,87285.0,87285.0,87285.0,74746.0,17970.0,6135936.0,14858.0,405198.0,141142.0,216808,836539.0,170147.0,87897.0,344748.0,1007948.0,188757,1766456,14274.0,1821698,9375173,25140470,4005088.0,7063331,689887,179869,815068.0,2834994.0,1302203.0,29851586.0,860222,116889.0,803719,8947011,97782.0,3024268,1078560.0,2825175.0,689733.0,231006.0,386139.0,3352513.0,16067217,16067217,564463,352488.0,2099681.0,793728.0
108,1,Male,182637.0,544155,544155,6784505.0,12403087,22963554,16794394,232636,177130.0,103686,124716.0,4727215,472828.0,189678,932811.0,94277.0,94277.0,623228.0,824749.0,4552387,3263563.0,1520068.0,3929611.0,5072744,1050805,77798.0,1895851.0,1895851.0,125782.0,3192824.0,54102,297945.0,7223300,506.5,530315,58074105,522830.0,802916,864783.0,340433.0,2680536,254750.0,287493.0,11941747,143986805,362296.0,93266.0,414910.0,840302.0,30815.0,179683,1511689.0,2987071,208432.0,850063,282951,89910.0,123679.0,131915.0,2908313,850122.0,153134254,747146.0,4862322,151587,91384,179940.0,801362,4048121.0,217994,350486.0,867666,867666,506.5,506.5,506.5,132109.0,122144.0,3010712.0,42607.0,284375.0,305362.0,221923,1399416.0,223284.0,190802.0,1088038.0,1036867.0,508323,2683473,332798.0,2160256,11087860,17766446,4085739.0,5649289,1092669,734519,1428466.0,2397201.0,1158789.0,29803479.0,793485,485034.0,904397,8313957,31110.0,1948608,900832.0,3639201.0,247759.0,333667.0,269012.0,2019753.0,11284703,11284703,152178,564123.0,3724524.0,739492.0
109,1,Male,138896.0,640174,640174,2882693.0,9717423,12249347,6033274,476191,171413.0,131993,60862.0,2378852,332880.0,370372,358106.0,162040.0,162040.0,210981.0,373576.0,2076422,3014712.0,3274985.0,1662315.0,5317569,787788,483045.0,225119.0,225119.0,147694.0,5909726.0,125866,786586.0,3688391,506.5,490982,47896639,1009271.0,1515820,492535.0,238897.0,3885931,584440.0,242673.0,18188419,173232433,231017.0,17686373.0,270581.0,787108.0,39964.0,113941,4276678.0,3975597,236388.0,1156958,676498,72617.0,121041.0,105680.0,3583967,516577.0,154965223,417572.0,9946031,123585,170174,211616.0,719179,3695383.0,250247,499268.0,547657,547657,227306.0,227306.0,227306.0,92828.0,110494.0,17961859.0,227569.0,562434.0,446164.0,213572,951937.0,488863.0,144661.0,1010536.0,615622.0,827735,4260807,669264.0,2393169,8512658,29662253,3749058.0,8621503,857294,403044,682628.0,3495935.0,1251406.0,30308947.0,655678,83946.0,1176920,4959433,2257554.0,6214495,1488191.0,6505678.0,486552.0,269961.0,789618.0,3520623.0,13230195,13230195,817668,330115.0,2120370.0,650423.0
110,1,Male,132765.0,438855,438855,9454992.0,26807402,30774819,21428567,356367,119866.0,91754,305741.0,7275379,299290.0,268742,329983.0,257044.0,257044.0,3329536.0,373177.0,296384,3609550.0,3496616.0,1710961.0,10475011,770706,78271.0,255037.0,255037.0,121218.0,273674.0,87616,1563954.0,34059792,607.5,637030,55983009,1159166.0,999450,212452.0,100428.0,6851452,1735429.0,607.5,9158773,252290789,173505.0,930551.0,372680.0,883441.0,13674.0,235969,1034751.0,3314624,377921.0,800342,779026,607.5,607.5,607.5,5450657,448044.0,242532765,452472.0,22842521,275453,149924,111496.0,1310029,2441736.0,518411,372336.0,3613721,3613721,6049074.0,6049074.0,6049074.0,116870.0,112520.0,1785475.0,153393.0,871384.0,345068.0,133649,2259301.0,1027837.0,155292.0,16219.0,647079.0,1431141,4121072,607.5,2322637,10932889,50090607,3933099.0,7241686,747085,541740,1949181.0,4519599.0,1066063.0,79429524.0,922991,421528.0,2649088,15103355,116594.0,3727167,896366.0,8088165.0,156518.0,166229.0,8086876.0,9950183.0,25623659,25623659,522101,398868.0,2977940.0,409383.0
111,1,Male,69020.0,326752,326752,3500539.0,10461971,17165271,12577194,302915,57028.0,107179,188364.0,2741088,60479.0,212299,294058.0,406774.0,406774.0,150718.0,281716.0,383656,1728958.0,1189591.0,641363.0,3580613,347444,179924.0,158685.0,158685.0,84882.0,151692.0,83271,191735.0,3153418,506.5,562921,26011878,1465346.0,612384,3736133.0,1762968.0,3264506,1200695.0,437661.0,5418148,125615720,274444.0,32391384.0,672538.0,457080.0,21277.0,1018001,639739.0,1550226,145032.0,801125,289351,19690.0,54969.0,54474.0,1559906,363380.0,107153459,239621.0,16790480,197080,92182,196487.0,404811,3968445.0,181894,449935.0,825175,825175,987294.0,987294.0,987294.0,75375.0,20198.0,3391995.0,2175265.0,587150.0,64607.0,187880,1214888.0,499795.0,84794.0,401978.0,1034797.0,741495,2300652,581741.0,1385669,17334857,27325048,2159832.0,7282503,584287,769516,1363471.0,1788566.0,756365.0,41678841.0,1034556,296886.0,831616,8841228,81059.0,2187821,1179293.0,977646.0,314038.0,331327.0,1310910.0,1892711.0,7893922,7893922,439169,182903.0,1621983.0,490367.0
112,1,Male,77839.0,206133,206133,3429536.0,7667267,17470093,13068405,219852,48189.0,82177,248426.0,3913115,946498.0,207533,75641.0,591734.0,591734.0,274060.0,89270.0,920665,2298731.0,1666103.0,963813.0,3864665,764651,161269.0,6474747.0,6474747.0,108088.0,2514499.0,57892,285057.0,4933149,506.5,474623,26435112,558058.0,1021941,237024.0,82763.0,2190642,851025.0,9861.0,2862181,88122678,348857.0,24414228.0,534698.0,707690.0,21735.0,639781,558410.0,2058295,222889.0,720219,333261,506.5,506.5,506.5,1503960,272526.0,52194610,490595.0,12369555,82044,81843,178919.0,550896,2692754.0,188613,743247.0,227190,227190,453663.0,453663.0,453663.0,79764.0,36750.0,3242695.0,135223.0,338544.0,109636.0,236694,725394.0,256236.0,86415.0,463810.0,879832.0,766087,748961,2177587.0,1555974,13548632,27096508,1264871.0,5574710,518592,1278475,1614606.0,1844203.0,713690.0,37296740.0,921499,379780.0,579707,9034332,296506.0,1745139,899614.0,2666943.0,568814.0,233244.0,351082.0,647786.0,8183900,8183900,386293,219655.0,1980518.0,490854.0
113,0,Female,495836.0,353057,353057,3468254.0,13598413,12811880,6864352,215867,167552.0,91929,258672.0,4420164,184124.0,512212,315034.0,149165.0,149165.0,201329.0,342213.0,1136324,2359459.0,1719836.0,2479327.0,8176530,1339799,287568.0,192966.0,192966.0,178348.0,570918.0,221732,454343.0,3785519,78891.0,360539,36778046,734414.0,671050,431867.0,121031.0,8594684,657547.0,33602.0,12942303,163658557,142129.0,90109.0,391848.0,737527.0,54154.0,140427,4071690.0,7083978,486400.0,895025,369889,1946.0,7151.0,506.5,4326425,476425.0,316506359,324178.0,10024428,477140,152570,312925.0,683648,4641070.0,469716,780408.0,801783,801783,1985723.0,1985723.0,1985723.0,83798.0,459170.0,28477020.0,1077246.0,818921.0,347180.0,162864,959077.0,146976.0,163805.0,2382554.0,879953.0,1028942,3875681,3083669.0,2108059,5710327,29251369,4010069.0,11124496,817493,237346,1667410.0,3557213.0,1165860.0,54578078.0,937128,353591.0,1562952,5372610,95353.0,2603443,3404551.0,10849612.0,1159010.0,76722.0,2035627.0,6559517.0,13153420,13153420,349158,533714.0,2461101.0,805700.0
114,1,Male,95178.0,543100,543100,2924851.0,7726722,12013641,6633172,625549,247338.0,95517,63396.0,273214,670595.0,438223,245159.0,128405.0,128405.0,611937.0,237216.0,2343589,3638209.0,3604321.0,5616442.0,4161296,3135587,176818.0,1102634.0,1102634.0,191529.0,687173.0,147564,308461.0,18525741,506.5,180999,72553278,671802.0,1139425,450021.0,163128.0,3393922,491901.0,16870.0,19673842,160140877,343647.0,5272691.0,133814.0,884265.0,46759.0,114314,318900.0,4651703,226762.0,764329,550157,10303.0,53811.0,10233.0,3437969,2000161.0,88282965,276910.0,8036849,169306,444515,589183.0,1251011,2239933.0,257424,232759.0,689043,689043,506.5,506.5,506.5,91785.0,84865.0,1070742.0,52594.0,451959.0,462050.0,177892,1053931.0,151523.0,56576.0,1362505.0,488624.0,327905,2895216,528844.0,4200977,7539767,30568898,3297402.0,5908446,768652,305183,1115752.0,2634372.0,1083457.0,18553464.0,415916,84584.0,1031298,5927481,58228.0,4619967,1439151.0,6869918.0,514527.0,273707.0,86811.0,660536.0,11890816,11890816,262620,914558.0,2730562.0,948679.0
115,1,Male,28666.0,371688,371688,4456246.0,8778417,18118700,10808251,432648,114772.0,126929,208156.0,329937,148975.0,385554,172601.0,660315.0,660315.0,318652.0,169001.0,2754251,3599168.0,5107511.0,2288178.0,6159893,949932,143355.0,360934.0,360934.0,82383.0,318702.0,97591,415509.0,5753218,146488.0,501937,53697884,563979.0,1010364,1616237.0,1014044.0,6432466,569019.0,305564.0,11759507,191932666,499376.0,18970399.0,566804.0,767620.0,20360.0,393754,837710.0,2595430,243128.0,1090416,495294,23931.0,93993.0,90545.0,2407862,745441.0,167866183,1481041.0,8062811,142687,126603,212171.0,1115992,3509840.0,480021,617195.0,184431,184431,172373.0,172373.0,172373.0,93050.0,22561.0,2430329.0,2389467.0,343340.0,58658.0,307375,959101.0,272865.0,161854.0,527854.0,900897.0,621748,2930804,1461436.0,2280373,14944695,22814318,4486532.0,4425984,703956,288655,1293792.0,3250147.0,959395.0,54450100.0,1121188,216420.0,1211855,10766620,241157.0,5717366,1254955.0,4222333.0,1232172.0,449789.0,254149.0,2212058.0,9999175,9999175,556227,501848.0,3020656.0,955940.0
116,1,Male,147421.0,948319,948319,6994393.0,14415999,36414651,20122412,638321,146784.0,274592,185397.0,2652660,466680.0,965976,688010.0,392344.0,392344.0,2786697.0,620592.0,7128463,1805955.0,7427151.0,6021370.0,20293343,3528525,231044.0,3431522.0,3431522.0,310604.0,3524337.0,565021,1142407.0,20144493,63428.0,583126,92494747,1415358.0,2462636,1155191.0,391295.0,17705077,269095.0,206448.0,12747755,382390098,230389.0,93687176.0,619866.0,1097917.0,46120.0,381982,5866712.0,4916885,384031.0,1763345,1268621,4349.0,33678.0,15441.0,8714714,1060393.0,204525677,674608.0,6671704,2912046,595226,381014.0,2842043,6332850.0,572964,506005.0,1087335,1087335,207776.0,207776.0,207776.0,227403.0,131269.0,12318223.0,29084.0,1356497.0,875425.0,380644,3134857.0,585699.0,114257.0,1805571.0,947979.0,1100354,8323683,303527.0,2725387,16416635,45869438,4962066.0,15334144,1365368,1318448,1817947.0,14420053.0,1463149.0,75302151.0,1888272,803388.0,2626144,10060908,567908.0,6268035,4670158.0,8792188.0,462403.0,391431.0,341676.0,3611684.0,22611875,22611875,878377,2162571.0,7108278.0,1146686.0
117,0,Female,38935.0,84567,84567,1072516.0,7167783,8256694,5299453,121762,61269.0,45728,11300.0,391810,736267.0,65677,65681.0,80379.0,80379.0,224476.0,85416.0,149791,292819.0,319862.0,516069.0,994413,366738,22251.0,23776.0,23776.0,38435.0,752544.0,53015,607.5,7070757,607.5,104331,37446017,262861.0,477793,64745.0,12823.0,1459904,1069837.0,607.5,2447664,72660030,1809.0,12140.0,108663.0,233416.0,607.5,81589,118051.0,2012799,223183.0,181198,152500,607.5,607.5,607.5,460462,139656.0,105173512,99089.0,13485116,86986,16772,31363.0,149649,719720.0,137029,50937.0,238184,238184,562940.0,562940.0,562940.0,28264.0,13062.0,239566.0,12609.0,45185.0,31789.0,161607,221385.0,47393.0,43641.0,229046.0,211160.0,743424,2484114,671350.0,843320,7825708,12090091,2377304.0,3573870,214950,420312,988897.0,751423.0,360302.0,34257121.0,575536,144039.0,435916,3788355,66760.0,497195,717578.0,1203445.0,67878.0,607.5,1223659.0,1449208.0,11205446,11205446,86552,111575.0,796120.0,104907.0
118,1,Male,607.5,827366,827366,3119950.0,11392689,14372963,8544427,1084750,148084.0,283856,22918.0,3354872,284836.0,472098,434035.0,1460098.0,1460098.0,333539.0,414413.0,1709188,3433802.0,5493432.0,4888627.0,19715917,4695037,229878.0,173557.0,173557.0,291109.0,10303865.0,107855,1398919.0,8052888,31396.0,468600,61816833,1449991.0,1986687,820199.0,328934.0,9745070,623956.0,218432.0,20387454,291524039,531089.0,2206491.0,659661.0,1245335.0,33089.0,297317,877347.0,3434924,345886.0,1963126,789783,61746.0,63527.0,56682.0,5588478,1906654.0,140547071,222089.0,13898463,278496,537026,549528.0,1916998,3544148.0,398838,223719.0,3459233,3459233,109209.0,109209.0,109209.0,174116.0,83098.0,5670511.0,19447.0,1525754.0,696678.0,592540,2268171.0,1005035.0,153237.0,1406852.0,502196.0,1387340,9582148,111398.0,6232875,13166741,74837727,2987767.0,10825851,2320060,834844,3067570.0,10702425.0,1713956.0,45698041.0,1648773,136786.0,2241580,2959631,102278.0,3065515,2410306.0,9074498.0,1120516.0,359238.0,1176416.0,3802820.0,22752518,22752518,495207,1639741.0,4009317.0,1027646.0
119,1,Male,996677.0,531026,531026,4930207.0,10883670,19560902,8594814,821549,187546.0,276713,117842.0,1298791,197468.0,829995,618851.0,172442.0,172442.0,2882448.0,621880.0,2809134,2012485.0,1765113.0,4840466.0,7804440,1607968,206220.0,110826.0,110826.0,183640.0,2378787.0,176144,1162605.0,15153665,506.5,233444,69071342,2072965.0,1291322,475054.0,223911.0,4785810,1040433.0,10260.0,23389926,104421791,426769.0,15159719.0,300036.0,1067847.0,38146.0,150547,874473.0,10369638,553590.0,832089,423475,3069.0,19468.0,8188.0,4095269,3271113.0,109460993,320972.0,14770477,171422,621851,622992.0,1251945,2906456.0,447952,117356.0,1630781,1630781,7148.0,7148.0,7148.0,158167.0,852023.0,3277281.0,16046.0,493511.0,481025.0,217436,403441.0,87215.0,41633.0,718265.0,441620.0,499903,3652678,64766.0,2425468,8975952,55741290,3605475.0,14989064,2197923,292052,1004404.0,4401350.0,1207257.0,32051335.0,1099749,357659.0,1243472,7037407,13737.0,6463939,3100276.0,7266879.0,566078.0,248757.0,111015.0,1166935.0,18681445,18681445,256639,477641.0,1466124.0,1274104.0
120,1,Male,42986.0,1268836,1268836,15572436.0,43361691,40454119,27495574,2119240,69464.0,268826,607.5,8818294,258409.0,2024650,674132.0,315018.0,315018.0,1306785.0,501563.0,4150829,4689943.0,8166664.0,9099809.0,27143962,5207024,143451.0,292240.0,292240.0,350568.0,238321.0,450657,6186087.0,28842822,2209290.0,572433,52647957,1270979.0,2755391,678094.0,552647.0,12664931,272163.0,133536.0,12122494,483751134,827346.0,26871458.0,333975.0,2060877.0,24668.0,580470,2561776.0,4889472,510680.0,2523763,1759649,607.5,28846.0,4591.0,6460170,1546571.0,159428605,104081.0,8227791,846279,804712,355745.0,3153081,9162898.0,642271,359741.0,3059916,3059916,870047.0,870047.0,870047.0,290686.0,88317.0,1445921.0,14164.0,1739764.0,770773.0,320645,4141715.0,828144.0,242362.0,1898492.0,1251863.0,3908910,11085628,384800.0,5821153,14709677,77264818,2888031.0,9704710,1998616,983830,2658273.0,14066253.0,3689396.0,49530102.0,2280036,335563.0,4910757,13887842,16834.0,7739715,4544074.0,2105851.0,482220.0,328772.0,1382222.0,2540602.0,28399727,28399727,748600,2245847.0,8035572.0,1730728.0
121,1,Male,565976.0,296767,296767,1622765.0,3956769,10427301,3968320,1314978,200539.0,132186,52954.0,229454,236651.0,997945,212594.0,62121.0,62121.0,361744.0,148198.0,358662,2486404.0,1802985.0,1607508.0,12391544,994023,165484.0,1149061.0,1149061.0,249379.0,885369.0,116997,2642772.0,6318179,607.5,200598,62423735,1670686.0,2482854,482566.0,167668.0,6492019,2666747.0,607.5,198017,235036148,142993.0,11389821.0,268794.0,1345347.0,24627.0,149617,648616.0,6545477,733923.0,605943,558426,13522.0,26230.0,24068.0,6374704,1226587.0,43453078,165810.0,42040672,306352,139355,190794.0,1359906,4113978.0,351875,156624.0,3396628,3396628,607.5,607.5,607.5,168603.0,683931.0,6793879.0,1538909.0,995706.0,526853.0,459826,1416669.0,156068.0,91084.0,144549.0,444171.0,447317,3515332,150105.0,1403182,10688208,39089613,906307.0,14723882,775782,1140647,1346134.0,6875578.0,1600427.0,35148152.0,1619447,106322.0,1295621,7677038,86201.0,4293948,4158248.0,9968311.0,3981317.0,176565.0,127736.0,1330154.0,36226070,36226070,425882,179006.0,2608290.0,836119.0
122,1,Male,216205.0,800689,800689,100138.0,743472,3488082,835047,659431,254437.0,267996,152349.0,3662733,882564.0,476312,817020.0,292570.0,292570.0,529091.0,689605.0,12682407,4439211.0,5606941.0,8889990.0,22324609,7415702,180250.0,5155501.0,5155501.0,374615.0,3971612.0,215791,4075274.0,8643944,607.5,1648705,85985610,90560.0,3182958,975835.0,553094.0,10963199,296873.0,108626.0,19298981,264787149,296931.0,29190451.0,785877.0,1473121.0,53381.0,269260,1223133.0,5563989,471432.0,1720627,1048847,13091.0,43859.0,80028.0,6031936,1646403.0,191346222,1421884.0,9009715,495975,398956,504190.0,2322517,10891937.0,469195,105100.0,1422848,1422848,349979.0,349979.0,349979.0,181677.0,172684.0,4356838.0,76163.0,5267099.0,849481.0,792428,2150790.0,1500048.0,153976.0,1062788.0,1407313.0,1872139,8236695,607.5,2981005,17699693,56119049,4618202.0,16567555,3321092,1801413,1985251.0,38319356.0,2576652.0,62141378.0,2446434,107176.0,3509539,561019,39925.0,6247961,2579540.0,5515698.0,1344684.0,480057.0,1293048.0,3793840.0,34659066,34659066,1051193,1955525.0,7283405.0,1797824.0
123,0,Female,380956.0,371390,371390,3466442.0,12694039,17466250,13269573,233617,176754.0,117739,62435.0,4297787,283059.0,261614,864815.0,418645.0,418645.0,1043718.0,685211.0,3884824,1754097.0,2430197.0,3275473.0,7304590,2958747,88103.0,113852.0,113852.0,328619.0,654657.0,46079,345849.0,23120549,580965.0,797681,87820995,1811611.0,1495806,318679.0,233315.0,3590725,223235.0,607.5,7854911,298422669,48926.0,76653.0,89914.0,918862.0,4397.0,204773,1752409.0,4574903,315587.0,742019,544907,607.5,607.5,607.5,2607006,476686.0,159110267,634289.0,6706733,189911,163312,140346.0,886388,4161582.0,245867,265104.0,1564861,1564861,607.5,607.5,607.5,72672.0,376363.0,5630266.0,607.5,562142.0,314576.0,357630,991038.0,186930.0,91420.0,2514552.0,689007.0,296926,4754761,2803087.0,4685389,12052762,26068050,4238886.0,14574002,699730,313879,1965341.0,6775200.0,1851549.0,42580161.0,1024960,235751.0,1601289,8548424,60940.0,1210851,1091267.0,6718561.0,770250.0,607.5,1178130.0,7428943.0,23782385,23782385,435408,950755.0,5080926.0,519797.0
124,1,Male,103953.0,591630,591630,5193056.0,9802502,25942102,14024254,300266,76680.0,127934,279817.0,1943560,3412830.0,425090,666430.0,461798.0,461798.0,2240133.0,300892.0,214998,2621175.0,4306452.0,4465619.0,4863431,1006024,109435.0,6169124.0,6169124.0,124984.0,314666.0,138924,618039.0,13135426,506.5,563525,39707170,740117.0,1197949,1576105.0,854274.0,3957579,448209.0,590228.0,5142433,137652524,659688.0,16812338.0,302576.0,938805.0,36259.0,100683,1315167.0,4416899,343314.0,1142664,369909,34266.0,81041.0,35275.0,2263358,623780.0,54945440,913467.0,6286367,110907,325680,192205.0,958557,3639925.0,323233,3228842.0,333211,333211,136353.0,136353.0,136353.0,101228.0,74238.0,3219526.0,846434.0,1047980.0,414662.0,153159,1716680.0,384764.0,151357.0,333065.0,890841.0,604128,1747374,153387.0,2515481,9131248,28263726,1543168.0,5293865,771022,1364943,3734238.0,2033855.0,913869.0,35187341.0,737329,55233.0,1189012,7429372,146632.0,3711382,1688699.0,4858732.0,131607.0,514951.0,44304.0,544581.0,17063358,17063358,402489,1252885.0,3445754.0,755151.0
125,1,Male,171375.0,315675,315675,5651876.0,11744963,28817403,13724743,1311985,153233.0,161023,225758.0,5745052,414264.0,328573,15583.0,3320840.0,3320840.0,5603827.0,53349.0,3953926,2063593.0,2263251.0,3868258.0,17317964,858261,306409.0,539843.0,539843.0,192046.0,3142867.0,236507,2328222.0,25536053,38846.0,458108,74082541,396162.0,2157506,420377.0,393124.0,15996936,291154.0,397300.0,10249415,341820646,300312.0,82733943.0,811108.0,2030304.0,50261.0,267388,607.5,8246405,766031.0,541488,1231427,42692.0,75682.0,31213.0,5403490,1841654.0,156105213,1122067.0,5336685,320766,907233,52119.0,562421,5663947.0,513267,512321.0,502661,502661,607.5,607.5,607.5,267086.0,207872.0,2332987.0,96941.0,731777.0,656135.0,241908,1295867.0,176912.0,48761.0,1183966.0,645539.0,456834,266842,607.5,3800442,18505826,76861476,2668103.0,12419889,3142304,1493448,2356958.0,17897401.0,2360256.0,96938127.0,2630630,261667.0,1352322,933468,818129.0,11419599,2085301.0,7490570.0,865315.0,646098.0,46318.0,1157476.0,38044859,38044859,217008,1372087.0,3081894.0,1552890.0
126,1,Male,37766.0,550155,550155,3600540.0,10598026,16843645,15026075,297904,46862.0,79878,96341.0,1538355,125823.0,287259,288504.0,582386.0,582386.0,534183.0,406030.0,406666,2013244.0,3060876.0,1570759.0,4359819,1466110,131275.0,84497.0,84497.0,65274.0,1232647.0,139345,485630.0,4753255,227346.0,83421,55256692,179327.0,1553580,313634.0,133558.0,4411610,585911.0,22036.0,3834058,136435305,200381.0,40232576.0,25325.0,844338.0,17701.0,82446,901182.0,2147133,167850.0,1659357,576382,22212.0,32146.0,26820.0,2858746,127713.0,108547536,697417.0,6616049,281200,221633,134335.0,597964,2399156.0,67163,271277.0,987033,987033,961634.0,961634.0,961634.0,95149.0,39640.0,309225.0,108181.0,482017.0,310209.0,155782,835507.0,204407.0,95669.0,307530.0,522430.0,2963789,2679339,100128.0,2672436,5860550,35067427,3145705.0,5917079,1125066,617997,1363891.0,6418248.0,1137922.0,50416257.0,853461,132845.0,1058431,4584226,69007.0,2129666,2217710.0,3375221.0,511166.0,228377.0,933288.0,807263.0,15806268,15806268,295313,415127.0,2886649.0,563581.0
127,1,Male,273108.0,411128,411128,8146783.0,10515461,24437179,26897819,507274,54212.0,120179,156376.0,26261958,338884.0,322821,546205.0,449460.0,449460.0,459104.0,1051458.0,2704726,2512983.0,1437973.0,2888571.0,10104254,3120072,13250.0,707041.0,707041.0,93098.0,2129952.0,39179,347028.0,9396033,607.5,572395,31896002,1647107.0,1204626,1069025.0,364091.0,3585528,1283886.0,58510.0,4943751,138730239,89609.0,70945.0,709566.0,487778.0,12521.0,1709007,1951698.0,4188438,447398.0,843263,380159,3674.0,35077.0,20189.0,3719391,612265.0,84860294,2412659.0,15512717,588710,366185,214122.0,963100,2042724.0,397965,93044.0,1636694,1636694,761602.0,761602.0,761602.0,138557.0,129054.0,728566.0,32512.0,801967.0,147630.0,228495,1216154.0,197416.0,206400.0,908192.0,534328.0,1177795,7946607,607.5,1071231,18367301,141878683,1251892.0,9854841,1732461,730300,2026236.0,8624873.0,806999.0,78306513.0,1738630,859417.0,3474799,10917774,61584.0,2162142,1813333.0,2721520.0,170206.0,64307.0,2090701.0,1606883.0,20083706,20083706,38427,1051255.0,3364143.0,12561534.0
128,0,Female,191754.0,396788,396788,2773649.0,7503086,16394638,9776257,191997,13572.0,85333,158288.0,6076204,570747.0,180479,298732.0,254750.0,254750.0,429700.0,322563.0,1121778,1678802.0,3307667.0,1031002.0,3182121,753263,1093325.0,1864606.0,1864606.0,91009.0,1534393.0,84864,191430.0,7423496,46747.0,529710,46941946,672169.0,439015,176481.0,51568.0,6678597,1419939.0,1510212.0,127777,180398086,5400.0,506.5,720119.0,528711.0,23174.0,394632,822230.0,2621089,274506.0,1196925,618600,12449.0,62298.0,31946.0,3004582,562920.0,40503653,436798.0,18308249,152241,59895,209630.0,1001603,2236094.0,416466,138904.0,303359,303359,96473.0,96473.0,96473.0,95438.0,104717.0,3853954.0,317391.0,484104.0,132031.0,252308,920657.0,868592.0,44865.0,878956.0,563448.0,690058,1036953,1798834.0,1946305,11339661,24408143,1357730.0,18095841,1476104,967215,1336030.0,2240201.0,655474.0,33666263.0,10547513,460591.0,1064359,4593450,331862.0,3518043,1845110.0,4737972.0,2820.0,22280.0,85113.0,850214.0,11688311,11688311,328577,384171.0,1633517.0,573580.0
129,0,Female,424129.0,271111,271111,8863061.0,18030982,24333092,14993718,562601,84009.0,144209,147569.0,491506,486923.0,491797,224789.0,343418.0,343418.0,1830200.0,232937.0,1876021,114475.0,991900.0,2677426.0,7053013,3047641,156077.0,409903.0,409903.0,239958.0,5310721.0,128039,480010.0,11752623,11690.0,1046119,74860561,1746738.0,2027710,509804.0,143440.0,3309643,507991.0,393604.0,4944212,158514784,543460.0,1533325.0,311721.0,974928.0,60049.0,133030,1096455.0,4333114,367528.0,827304,416301,15029.0,88242.0,107182.0,3612400,1025781.0,71497570,518808.0,7093294,99275,231014,265669.0,578502,2244790.0,567049,42934.0,1546876,1546876,120068.0,120068.0,120068.0,148332.0,351002.0,4537322.0,38648.0,896450.0,477523.0,188323,962090.0,60873.0,203895.0,1032848.0,294244.0,641631,6219927,378333.0,2620061,9439299,67276334,2890887.0,10276337,728793,634579,1618146.0,5724845.0,1115926.0,22225344.0,1035231,95524.0,1971441,5518154,107826.0,1519677,1568121.0,13806850.0,10515.0,117731.0,110700.0,1593807.0,17701338,17701338,161809,729424.0,2477290.0,956894.0
130,0,Female,20379.0,54777,54777,1971068.0,7985887,12590296,10131633,51764,506.5,47143,165500.0,201446,194875.0,70908,300540.0,412046.0,412046.0,111722.0,198522.0,60657,556605.0,359282.0,444501.0,1269915,239451,34455.0,1252318.0,1252318.0,30388.0,37806.0,38361,19759.0,2252599,506.5,231478,12447952,1059181.0,296868,48491.0,57601.0,1010770,3015.0,22280.0,12379,50921647,31162.0,33450.0,536656.0,266301.0,506.5,599543,478600.0,768797,109098.0,95412,127026,506.5,5279.0,2442.0,853283,74812.0,13490380,120121.0,353107,35723,15666,27122.0,140464,764337.0,70378,281897.0,165464,165464,38247.0,38247.0,38247.0,30034.0,2073.0,1234829.0,91374.0,124967.0,32552.0,77536,227627.0,152169.0,35653.0,38791.0,396969.0,571334,811295,999084.0,583935,13354494,5134808,262577.0,4247426,91632,209368,1077890.0,616138.0,176121.0,32595055.0,488515,421931.0,354756,10922376,62764.0,318841,526123.0,111117.0,158313.0,16782.0,43291.0,43446.0,4443690,4443690,88489,639332.0,639332.0,141839.0
131,0,Female,34980.0,375248,375248,1863912.0,3325205,10992119,4433477,183664,271633.0,151743,146268.0,398550,338440.0,194433,446515.0,662343.0,662343.0,793540.0,423173.0,527243,3064853.0,1527085.0,4845442.0,5786934,3731795,128741.0,197486.0,197486.0,204899.0,748486.0,111937,667102.0,11862865,40702.0,484679,56390761,1224431.0,1071249,356427.0,238716.0,3191258,277993.0,44737.0,16252339,106025006,389906.0,19541517.0,326886.0,1233064.0,66483.0,128067,3850353.0,5314488,292502.0,643276,307291,9251.0,107809.0,51431.0,4124405,1870892.0,74676571,797819.0,4833065,238105,199789,414032.0,506916,3159121.0,346248,286939.0,872983,872983,4439.0,4439.0,4439.0,157861.0,22980.0,4989153.0,37015.0,992844.0,604585.0,360396,1160387.0,707094.0,95727.0,1783186.0,785151.0,349325,6987631,910188.0,3947053,7863841,33746759,2324938.0,8169681,848355,402876,2116327.0,3271669.0,1550712.0,27213734.0,755584,65964.0,1085997,4528079,16788.0,2817991,1001401.0,7197250.0,315071.0,408967.0,86174.0,978965.0,13960807,13960807,409917,937191.0,3345842.0,977305.0
132,0,Female,17798.0,147145,147145,2298627.0,4733187,6223253,3614369,144173,45149.0,60473,117350.0,546246,101682.0,131516,220136.0,425686.0,425686.0,448705.0,265502.0,708627,1426229.0,1401445.0,891735.0,1626501,450345,419010.0,353523.0,353523.0,48849.0,116312.0,27534,71438.0,3081943,18919.0,245468,26737235,799847.0,456559,78702.0,61145.0,6387224,111103.0,506.5,2844510,115399683,104702.0,946885.0,317193.0,415783.0,7548.0,185994,526007.0,2451884,201083.0,582950,606857,2996.0,13102.0,11351.0,2036399,319792.0,41449617,340045.0,1910045,46518,100533,51931.0,593887,970903.0,130467,185393.0,166105,166105,149323.0,149323.0,149323.0,59049.0,24633.0,1228706.0,1150171.0,274136.0,59345.0,192298,388718.0,586694.0,22050.0,127224.0,382913.0,329660,1684607,6352931.0,1850952,11334542,9507622,1016143.0,8729149,304699,136074,820060.0,681877.0,270315.0,24338107.0,9458697,438369.0,703568,5153555,45119.0,1316169,592165.0,2401381.0,143136.0,44059.0,173407.0,269239.0,7291987,7291987,116186,231943.0,1044438.0,180878.0
133,0,Female,138801.0,87301,87301,1541012.0,7486089,13020657,13249946,150750,318603.0,66975,152941.0,743883,387572.0,108220,15250.0,922588.0,922588.0,153400.0,145014.0,1921771,751094.0,174935.0,968069.0,2462544,1750448,607.5,3233346.0,3233346.0,19806.0,852874.0,62937,73876.0,5677158,607.5,323145,22406120,695907.0,874630,30249.0,21364.0,4435336,1595425.0,98691.0,14090850,128272328,71762.0,173949.0,460556.0,312462.0,607.5,945255,479220.0,2348349,423183.0,385247,765491,4176.0,20361.0,20266.0,2013077,241625.0,169550555,677452.0,18054065,57693,21346,87397.0,19852,867214.0,251800,32609.0,173266,173266,1322194.0,1322194.0,1322194.0,27362.0,17986.0,764641.0,434172.0,209097.0,4691.0,133643,340488.0,163952.0,16988.0,405100.0,375657.0,880734,84248,106104.0,1336563,19691880,18040793,1579265.0,8989782,2205393,2341058,850073.0,2851607.0,163919.0,66166684.0,931704,391599.0,604206,14001840,414321.0,1664055,745177.0,1597338.0,317608.0,10855.0,5699919.0,5390217.0,11087898,11087898,44799,218229.0,2150395.0,208846.0
134,0,Female,24986.0,309884,309884,137964.0,411360,1623756,463546,137547,31758.0,40777,108271.0,205998,43201.0,337338,199283.0,173169.0,173169.0,369586.0,248427.0,833396,2805594.0,448834.0,996057.0,2811794,780013,69797.0,56251.0,56251.0,161021.0,150451.0,39852,37503.0,3446115,16330.0,186679,25812989,105549.0,817841,117241.0,54352.0,2052557,349739.0,13228.0,2354248,46510946,184646.0,47332.0,48717.0,707515.0,35183.0,62380,444257.0,3047701,256726.0,671787,174014,2080.0,32433.0,3834.0,2432096,149623.0,116389344,93317.0,4462519,73035,51111,60284.0,250370,762877.0,112245,40976.0,613203,613203,2075553.0,2075553.0,2075553.0,51061.0,23058.0,822774.0,9886.0,243617.0,307621.0,108507,261687.0,41925.0,35758.0,288142.0,505626.0,306344,1641986,1209053.0,1359095,6857602,23927615,2068350.0,5891240,437798,176557,757206.0,1619071.0,860152.0,24288847.0,411506,11701.0,453225,745773,2769.0,731698,1336552.0,1435874.0,506.5,28641.0,2264642.0,3743583.0,10971830,10971830,140112,155187.0,757661.0,444993.0
135,0,Female,125306.0,186066,186066,2108839.0,6692749,10758763,6501316,148152,197899.0,75298,150174.0,270047,205063.0,98943,447421.0,209626.0,209626.0,128803.0,498023.0,621644,1284354.0,850749.0,2402327.0,3744811,1473829,230845.0,242506.0,242506.0,145417.0,413240.0,26912,272911.0,2668719,595239.0,266847,53257832,2108604.0,848373,667221.0,347807.0,1697850,496468.0,106563.0,11665410,64667147,216807.0,5161601.0,142270.0,833274.0,34488.0,126510,1039843.0,6213927,375003.0,406259,350763,14060.0,46621.0,23183.0,1816095,559264.0,109150196,824366.0,6659193,136589,60485,164920.0,351885,1388550.0,178566,33510.0,401947,401947,13444.0,13444.0,13444.0,66391.0,102683.0,2110639.0,231593.0,311680.0,277268.0,188343,568919.0,81101.0,100249.0,538654.0,448129.0,164080,2717763,4216598.0,1625949,6462467,43024459,2825957.0,8050943,949725,185831,762692.0,2005767.0,730286.0,33836553.0,607030,96146.0,590151,7937075,12781.0,1362736,460744.0,7055046.0,261645.0,105317.0,194592.0,3895880.0,13412908,13412908,281326,467084.0,1646824.0,793108.0
136,0,Female,16683.0,173361,173361,429775.0,1874296,2121817,1366491,169093,61430.0,57945,27504.0,2450613,1189855.0,160041,173316.0,261423.0,261423.0,62834.0,138340.0,574567,1237572.0,399721.0,1385477.0,1282608,691586,57120.0,87024.0,87024.0,94095.0,655321.0,49686,56109.0,1405524,16565.0,286711,28818864,98679.0,615782,89776.0,56289.0,3766362,332460.0,10795.0,3311277,87694933,29355.0,1371558.0,152662.0,382875.0,19468.0,35066,605499.0,2240441,148928.0,406352,243397,5094.0,19567.0,11366.0,1742057,151855.0,80898326,242193.0,4013410,79152,46073,81843.0,177615,1533373.0,218085,37187.0,371270,371270,1344885.0,1344885.0,1344885.0,58257.0,13895.0,1730544.0,40525.0,213790.0,153840.0,85785,818253.0,287707.0,78512.0,646349.0,492509.0,805613,2079026,585790.0,2930647,4654487,13310202,1920318.0,4005330,271439,97531,701281.0,2022572.0,513416.0,10863259.0,254872,85058.0,583189,181459,13718.0,740046,565370.0,927022.0,506.5,14673.0,1579546.0,1753268.0,7331600,7331600,86721,349613.0,1823970.0,234464.0
137,0,Female,66507.0,255112,255112,13311751.0,39238537,37145056,28288256,364544,220431.0,191312,29210.0,3285128,234995.0,338241,379197.0,912560.0,912560.0,3178144.0,381877.0,1363450,3250971.0,554576.0,1974441.0,11361602,1784286,203461.0,275429.0,275429.0,314169.0,2131412.0,30987,938556.0,40224321,27872459.0,496614,62994801,4764833.0,4022350,291161.0,176402.0,4872260,576813.0,67465.0,22901213,187242998,278210.0,314737.0,700962.0,655677.0,38125.0,225307,904382.0,7598499,538943.0,757493,687225,607.5,42704.0,99023.0,5664453,726780.0,119079373,469053.0,12149943,177553,96936,250816.0,519092,2915790.0,301170,494732.0,1546881,1546881,21248.0,21248.0,21248.0,121910.0,40785.0,5621551.0,306890.0,687640.0,358634.0,409610,755170.0,211875.0,40665.0,1250645.0,421571.0,1471142,2872766,4824029.0,2231962,19025469,27777770,2873530.0,8293025,1217005,941867,1742947.0,7689786.0,1087482.0,40552047.0,1981032,427226.0,1122030,6719203,183811.0,3388469,1721368.0,6882331.0,607.5,54720.0,100966.0,829617.0,27200384,27200384,318451,528686.0,2547671.0,413720.0
138,0,Female,1976437.0,344192,344192,607.5,971573,379608,997710,312419,283256.0,128191,112650.0,1781359,2060619.0,289833,1639724.0,638605.0,638605.0,44435.0,1018189.0,818414,2835818.0,2797584.0,2413851.0,10293424,612533,173891.0,235786.0,235786.0,134058.0,528147.0,177064,1366565.0,718475,189745474.0,281561,40152279,28139.0,2063449,261646.0,205124.0,8736457,114998.0,85501.0,7586473,267667702,513058.0,30127465.0,218061.0,631505.0,40838.0,221539,2801529.0,6092265,479085.0,548889,967741,35138.0,98578.0,79924.0,5733014,919711.0,143030064,1186092.0,1913063,241627,428839,116524.0,1183725,2305902.0,209394,99295.0,21508,21508,1105402.0,1105402.0,1105402.0,27505.0,95930.0,1434955.0,55570.0,36838.0,607.5,250977,1078436.0,737456.0,56012.0,4669081.0,619571.0,1866417,8219944,10659039.0,1456830,11665718,31351313,2528191.0,9737638,1196456,986969,172024.0,7845474.0,1220715.0,56829766.0,883056,327864.0,2332931,1058905,177554.0,8719387,2494536.0,3485556.0,163495.0,79067.0,1239801.0,541476.0,22767829,22767829,409093,897182.0,2341361.0,157618.0
139,0,Female,607.5,410006,410006,16572946.0,38098794,74160059,61487618,1360212,242462.0,220563,1253934.0,675103,519567.0,1086047,2729263.0,200320.0,200320.0,754326.0,2294708.0,9657866,2700769.0,5422776.0,1831063.0,17486391,1362676,200856.0,7998652.0,7998652.0,330066.0,8606215.0,176671,1403502.0,27824506,46629.0,1168103,49897809,2650533.0,1986960,265972.0,108120.0,3477072,951500.0,257757.0,37070468,609265171,100387.0,8008.0,1175098.0,726894.0,607.5,3139551,2350095.0,8655925,936916.0,1543640,863193,607.5,607.5,607.5,1785962,2736861.0,578417834,10639770.0,22595025,401740,218243,426606.0,3228751,4832437.0,1957912,144528.0,697077,697077,643699.0,643699.0,643699.0,125934.0,203336.0,17283699.0,621525.0,2079069.0,269507.0,467254,1118351.0,570400.0,380139.0,896934.0,892511.0,1397136,22801241,367570.0,6168059,36686258,77488003,4435242.0,21163496,1799272,2590268,2913106.0,18338212.0,571232.0,323520200.0,6533678,1270614.0,5528392,26053729,142185.0,2488671,3153361.0,2125404.0,231489.0,115736.0,7147341.0,18065598.0,33496403,33496403,271584,453817.0,3738872.0,2540508.0
140,0,Female,248567.0,654249,654249,1710473.0,5476864,7813434,4662110,341898,121584.0,85853,196787.0,729311,2676585.0,200308,2037260.0,105458.0,105458.0,199352.0,741949.0,405180,1951988.0,4789849.0,1679519.0,5048949,1067518,397980.0,467187.0,467187.0,53032.0,798518.0,61550,276023.0,3479905,506.5,793713,39562974,272505.0,724885,251036.0,116341.0,7950986,506809.0,323464.0,5176061,173610125,124491.0,2602029.0,340053.0,617873.0,19895.0,394323,1558725.0,4598212,283799.0,1308546,750499,19322.0,33098.0,48895.0,4581531,436528.0,191292391,483452.0,7449149,21094,69319,125469.0,1098520,2489481.0,537654,84606.0,359314,359314,3058161.0,3058161.0,3058161.0,48972.0,138885.0,4927358.0,7448497.0,715130.0,127943.0,117108,1506217.0,1305802.0,127008.0,361142.0,633123.0,434639,3532135,7362948.0,4402213,10624116,56316508,3388846.0,9150919,3059459,221223,1421818.0,3053435.0,711200.0,36764664.0,1134988,461725.0,1628419,4329379,357130.0,5518314,1368137.0,1971354.0,535052.0,47913.0,3696088.0,7933486.0,9747711,9747711,239359,482326.0,1791255.0,502534.0
141,0,Female,53797.0,302867,302867,559527.0,18521915,17332850,10918248,370766,37004.0,127157,92403.0,493678,375197.0,166067,357377.0,398881.0,398881.0,582154.0,309567.0,2008421,2254876.0,1680743.0,2115776.0,7250829,1260526,183936.0,833752.0,833752.0,136409.0,415542.0,133043,455733.0,19596410,55036.0,939229,69613975,646899.0,1942622,511421.0,335937.0,2930008,697082.0,70424.0,8219899,289945080,56264.0,54245.0,96828.0,938266.0,5294.0,188677,544135.0,4273404,217935.0,785325,603165,13374.0,6611.0,36749.0,1963245,329474.0,310338277,415266.0,13881044,113585,118772,80252.0,704163,3564041.0,533853,388847.0,1105541,1105541,759971.0,759971.0,759971.0,89121.0,21001.0,2012021.0,1476666.0,729368.0,432373.0,302085,1151097.0,319052.0,157503.0,269063.0,581871.0,551744,10080088,8499549.0,5750807,9882486,43038985,5177282.0,9333601,564460,340711,1483658.0,4446798.0,1403024.0,56439949.0,1126595,100925.0,1321296,9275615,171841.0,2135677,918541.0,9455273.0,255719.0,17162.0,2812608.0,19343775.0,20834484,20834484,556153,619100.0,2992852.0,552727.0
142,0,Female,224880.0,547618,547618,11024697.0,776755,44375419,34730095,589454,769008.0,171919,81590.0,2568237,1194887.0,684769,1567870.0,470247.0,470247.0,2211039.0,1227529.0,9589731,4245753.0,4269132.0,13425015.0,12588739,13999568,354044.0,720164.0,720164.0,495438.0,1263880.0,208216,1904396.0,28309457,110607.0,1628172,97095866,2626653.0,2714513,273952.0,236372.0,7633671,101466.0,73352.0,47835836,473152059,422399.0,518612.0,489142.0,1324851.0,30126.0,353461,2067019.0,5597702,1468415.0,1036955,1167689,25604.0,87187.0,87187.0,7464950,1220978.0,215992039,426584.0,3295681,23277,50090,412268.0,1547977,6786327.0,1150750,139804.0,2014757,2014757,33460.0,33460.0,33460.0,203907.0,188394.0,4180940.0,31266.0,1252895.0,676162.0,657461,1791039.0,879837.0,179441.0,3089785.0,1327412.0,623933,32265288,3672597.0,5010785,14505011,51612619,5540866.0,20006128,2211403,843118,1966292.0,10434662.0,1676763.0,71207505.0,1515006,344191.0,3172360,12886582,42654.0,8467244,1494334.0,20982120.0,993586.0,223372.0,829839.0,5049841.0,28786031,28786031,961929,2884257.0,11909792.0,1178543.0
143,0,Female,21057.0,250284,250284,3993478.0,22957209,23004592,22515044,122897,108105.0,69163,100077.0,590328,840394.0,138098,120855.0,522397.0,522397.0,266454.0,73159.0,916605,1098969.0,60487.0,1778148.0,3015384,1571123,223480.0,126598.0,126598.0,66583.0,475577.0,108585,66691.0,11702362,607.5,529622,55698643,4001147.0,867240,242969.0,83389.0,7222165,501473.0,17048.0,5974990,143748096,7688.0,1305536.0,1059310.0,374583.0,607.5,2271800,359017.0,4008966,493391.0,795123,777311,607.5,607.5,6838.0,1765624,222143.0,124531021,284009.0,12048770,61786,83429,106086.0,24251,1625771.0,122144,528089.0,342330,342330,252325.0,252325.0,252325.0,607.5,607.5,1878282.0,215319.0,217100.0,607.5,246821,491742.0,132384.0,54788.0,251949.0,827536.0,450421,81445,5123257.0,1471764,25732522,27263115,2707093.0,10868694,574052,225276,1518274.0,15665537.0,577787.0,68268090.0,2124941,785154.0,231533,22158681,348959.0,923772,953262.0,1778334.0,158257.0,4221.0,845693.0,2257817.0,15859089,15859089,274518,467277.0,3074074.0,210403.0
144,0,Female,106160.0,275568,275568,316705.0,3302430,1906953,1108003,250836,52249.0,64740,4970.0,3098324,4620106.0,146373,116337.0,329668.0,329668.0,1897492.0,96029.0,337051,1112063.0,1432019.0,2528441.0,4755976,736794,154594.0,324497.0,324497.0,86368.0,336115.0,80328,148265.0,31801700,133523.0,486994,44904875,73115.0,1700850,232251.0,163719.0,8462473,597557.0,607.5,916097,294888958,29193.0,10138.0,135414.0,575898.0,607.5,123682,165713.0,3300738,272831.0,664438,1144046,607.5,607.5,4029.0,3967714,209861.0,70039307,427898.0,11533554,105524,161862,53743.0,443415,1864467.0,350859,152615.0,692301,692301,823894.0,823894.0,823894.0,60295.0,89026.0,1788054.0,15090.0,552307.0,253930.0,117219,1070824.0,835096.0,11323.0,86607.0,814095.0,835191,6794366,541090.0,3270130,7478464,17570699,1479388.0,8603257,454712,326550,1027927.0,1642709.0,800906.0,25586601.0,480176,214361.0,1273599,26440,157373.0,1537301,1583501.0,2432861.0,206818.0,607.5,275130.0,545118.0,18368970,18368970,240800,705395.0,2681403.0,230163.0
145,0,Female,55550.0,114380,114380,4324385.0,17097174,27331396,33257422,87076,62375.0,49267,126593.0,1297907,1939260.0,140185,150829.0,535728.0,535728.0,223690.0,170466.0,644108,519939.0,648304.0,4042429.0,1939040,2402140,157301.0,496884.0,496884.0,36596.0,226506.0,90591,77972.0,7349562,607.5,509493,53673512,3782355.0,391801,100936.0,64029.0,2292959,118408.0,17624.0,6992931,124296704,15512.0,79757.0,332238.0,154427.0,607.5,847573,269957.0,2405357,260122.0,339481,327491,2176.0,3713.0,3809.0,2121582,283020.0,67713431,250261.0,2211954,163602,55618,55599.0,278010,1526075.0,139537,217774.0,178631,178631,127902.0,127902.0,127902.0,2980.0,34979.0,621951.0,41791.0,224761.0,42961.0,113674,454547.0,220453.0,63866.0,277747.0,501825.0,1147554,2667344,17562646.0,1144687,15502742,16165667,2172377.0,11691393,349842,621118,990763.0,1493639.0,612783.0,59642545.0,827930,557337.0,684247,14604653,149458.0,1053513,685953.0,2628835.0,227223.0,607.5,767664.0,604099.0,9555821,9555821,113652,846205.0,5255266.0,86415.0
146,0,Female,80876.0,291342,291342,2534167.0,6488536,12500471,7496747,326516,22244.0,97761,95774.0,2181006,1922112.0,305460,321313.0,329877.0,329877.0,145466.0,471317.0,990773,1116235.0,1477165.0,3814815.0,3899484,3923879,354703.0,313255.0,313255.0,85374.0,1619908.0,48062,202052.0,2268296,506.5,1073336,42015805,560821.0,654234,292488.0,84267.0,5622361,1535854.0,75148.0,1489992,146701806,154648.0,2272560.0,369496.0,539430.0,25895.0,292309,610791.0,4135813,334516.0,732884,351129,45183.0,105882.0,89055.0,3766451,1128772.0,64514747,491764.0,17680638,84423,62180,306733.0,426010,3200763.0,903688,239714.0,904042,904042,21068.0,21068.0,21068.0,74118.0,32899.0,6043987.0,2946806.0,705661.0,135755.0,141456,1072454.0,943779.0,132511.0,910598.0,532426.0,365490,5161351,33665647.0,2538882,10471569,48906017,1918818.0,14807845,630997,472003,1196347.0,2694606.0,1095827.0,27006263.0,479454,180840.0,1574982,6537722,156802.0,4130112,1189946.0,5640212.0,250321.0,56915.0,547144.0,3175866.0,13100414,13100414,216160,647436.0,4146014.0,478086.0
147,0,Female,48904.0,157895,157895,1686345.0,5179328,12705530,8795154,288644,26324.0,45700,79485.0,2467710,832979.0,160163,218450.0,93233.0,93233.0,116225.0,220536.0,1434862,806475.0,1145474.0,614331.0,1386223,316366,70785.0,716548.0,716548.0,54041.0,376222.0,37247,100227.0,2938145,4580570.0,216951,21871658,164702.0,365684,69768.0,37221.0,2902626,905743.0,18570.0,2444231,89704811,171155.0,6452209.0,141401.0,316918.0,9212.0,176950,98560.0,3815817,343175.0,343165,247567,2260.0,12974.0,506.5,1991293,315653.0,62944702,350395.0,10874615,78059,94207,61591.0,353064,589507.0,174181,91015.0,69559,69559,679039.0,679039.0,679039.0,40823.0,16744.0,800592.0,163745.0,98728.0,65492.0,109355,332652.0,90325.0,61620.0,67049.0,275305.0,501134,1969601,4419417.0,1680212,6516743,22627924,1351936.0,3955323,376322,165785,463451.0,929271.0,379368.0,18971884.0,447261,69932.0,774567,6897610,25886.0,2478192,1145943.0,1162700.0,513449.0,84267.0,606417.0,578547.0,12818900,12818900,181917,135622.0,947554.0,221873.0
148,0,Female,177924.0,263985,263985,3676224.0,4477422,17869823,7566829,124457,52285.0,142614,188739.0,517380,919256.0,119851,236387.0,974000.0,974000.0,378684.0,149401.0,759321,659205.0,1130114.0,2057708.0,2898130,638967,78740.0,901942.0,901942.0,60162.0,192530.0,48881,132635.0,2890091,506.5,440081,37521796,190870.0,511733,168232.0,78403.0,6327039,446317.0,506.5,5650169,82472141,212043.0,1910154.0,305086.0,366581.0,3622.0,390057,304760.0,1549539,156243.0,461777,224530,2137.0,2669708.0,4311.0,1971358,1074629.0,46806464,736275.0,6244053,109632,129322,88420.0,352133,1671662.0,314266,277715.0,715363,715363,506.5,506.5,506.5,36280.0,32300.0,3079283.0,1432927.0,238285.0,30872.0,76930,234727.0,84419.0,144234.0,156938.0,757074.0,137618,2190704,1351335.0,664724,12297854,36883631,1374145.0,6138665,456498,346818,836537.0,1565464.0,417816.0,31492730.0,607812,221881.0,619716,4619685,72941.0,4289353,1148244.0,2817614.0,14361.0,85629.0,138923.0,1973368.0,6349379,6349379,70044,391204.0,1577333.0,372078.0
149,0,Female,99067.0,79380,79380,1683278.0,5988385,9436102,5958471,44472,82234.0,46086,127152.0,2879039,554120.0,75653,251207.0,477826.0,477826.0,55127.0,149054.0,317000,895480.0,165638.0,1020835.0,896594,641370,32581.0,51720.0,51720.0,24474.0,270505.0,28406,25070.0,1727204,506.5,452784,19795657,1158745.0,265402,24599.0,12812.0,6070834,912795.0,208874.0,4496999,62500718,19569.0,184210.0,235722.0,138321.0,506.5,451813,411015.0,2357879,260659.0,175922,106690,17326.0,32469.0,18187.0,1373067,90449.0,83055332,201936.0,10507770,50527,50527,38458.0,73113,250903.0,89711,116048.0,86179,86179,729082.0,729082.0,729082.0,14858.0,36926.0,863269.0,27112.0,66467.0,29362.0,55092,480117.0,138805.0,90971.0,457029.0,398532.0,350140,734710,280991.0,727022,8698802,19678644,1528263.0,6951573,627021,1287000,528960.0,417572.0,134762.0,29449516.0,874000,435638.0,458324,8124309,21130.0,863878,508855.0,787514.0,35062.0,506.5,3167502.0,3067933.0,6319524,6319524,49517,164570.0,1490159.0,126371.0
150,0,Female,926213.0,215704,215704,3287688.0,8130675,11637518,5268657,201074,228185.0,58704,143120.0,510244,738902.0,182274,757149.0,301792.0,301792.0,722850.0,586699.0,1719506,1179465.0,1228680.0,1517204.0,2609991,706335,58613.0,132694.0,132694.0,59547.0,3522697.0,142152,162000.0,6276041,506.5,752416,37077601,1072796.0,454552,200584.0,88776.0,3861474,336192.0,17078.0,9969752,99265651,131476.0,367975.0,198268.0,524815.0,17081.0,173752,674898.0,3074239,256772.0,450738,493714,4909.0,27485.0,16696.0,2486936,370168.0,86148895,1315072.0,4489362,95688,75262,127538.0,395730,2098720.0,320117,172630.0,464554,464554,1134332.0,1134332.0,1134332.0,40862.0,383712.0,1219366.0,144441.0,464593.0,108630.0,137252,722689.0,402384.0,87345.0,663473.0,602709.0,199022,3503335,3826405.0,2482530,8389891,18375872,2009270.0,5290201,551226,143021,1083390.0,789625.0,816724.0,24037278.0,394045,175141.0,1246490,7747107,10409.0,1433372,822682.0,1844181.0,107953.0,73724.0,1226396.0,1842697.0,9419016,9419016,296065,400213.0,1718738.0,335562.0
151,0,Female,40156.0,872908,872908,842092.0,3346104,4185206,1615545,321077,97527.0,116756,50910.0,4393232,2581880.0,219977,1042247.0,1581816.0,1581816.0,1088371.0,352418.0,909692,2479116.0,3466346.0,3198789.0,4188328,1266244,99466.0,466054.0,466054.0,113858.0,716336.0,55356,730660.0,5731008,506.5,935159,45349850,237057.0,1461717,297040.0,324906.0,4765949,89296.0,23813.0,5061003,121876752,133158.0,4806956.0,146927.0,797420.0,40569.0,142769,305053.0,3639056,170559.0,1236744,986409,12258.0,58059.0,106046.0,3018191,794186.0,43753771,516252.0,1693001,90953,192692,926701.0,973140,2480042.0,959693,26693.0,431237,431237,29677.0,29677.0,29677.0,102524.0,20355.0,1802694.0,18362.0,969948.0,291594.0,203007,1233726.0,1348461.0,124739.0,1055585.0,601520.0,165053,6574920,1009214.0,4298373,6760888,24439044,1272823.0,5344755,424089,369480,1172753.0,2706065.0,1141595.0,14434231.0,387240,951598.0,1660145,2741342,10399.0,1912691,893041.0,6210688.0,346789.0,174921.0,75301.0,671392.0,11460147,11460147,369969,692923.0,2483689.0,437670.0
152,0,Female,43560.0,682289,682289,5884945.0,15472403,17170407,7722135,617353,187841.0,229049,115110.0,2535047,624452.0,290122,239956.0,134035.0,134035.0,1040916.0,235010.0,1122880,2511623.0,1773213.0,5200014.0,12224283,4974371,106881.0,313711.0,313711.0,126984.0,380696.0,206682,439586.0,8454656,70411.0,869955,57343017,2280240.0,1200173,4034189.0,1185144.0,5143493,574802.0,91955.0,12321845,112012964,91303.0,90309.0,112014.0,1081671.0,28927.0,187683,583978.0,8103578,396837.0,1778563,814779,3822.0,11815.0,2807.0,3079694,1851171.0,125479633,933095.0,9405680,728627,859809,138602.0,1236323,2684002.0,186924,306696.0,2678854,2678854,229281.0,229281.0,229281.0,164117.0,73595.0,909384.0,1273279.0,1615432.0,553222.0,307367,1186098.0,166441.0,71628.0,859175.0,548552.0,234995,4205850,607.5,5260481,12683975,134445623,2348513.0,15679901,2614360,612450,2065142.0,8949448.0,2083943.0,41672824.0,1574497,165218.0,1823028,8318855,77860.0,1550371,528570.0,8237636.0,403960.0,45920.0,1688759.0,5264524.0,25502870,25502870,181027,1261485.0,3298124.0,831837.0
153,0,Female,102234.0,749808,749808,287640.0,1108283,3758974,1404829,443952,14318.0,66111,71015.0,103431,230302.0,185388,384808.0,205248.0,205248.0,946208.0,431963.0,341854,2713675.0,2827096.0,2385331.0,3421560,1180936,275694.0,850366.0,850366.0,172976.0,170479.0,49756,297848.0,7248735,506.5,337642,26959632,48375.0,978781,310564.0,180380.0,2067890,100700.0,89950.0,1310396,160102230,337451.0,27861201.0,82996.0,964232.0,49769.0,112245,317046.0,3246862,159557.0,1227571,332294,69856.0,94162.0,62696.0,2166719,683078.0,26641823,369640.0,2079977,124834,188135,189173.0,962217,3722864.0,285569,333366.0,417351,417351,85102.0,85102.0,85102.0,95430.0,69141.0,892990.0,22234.0,1188777.0,440844.0,170751,1208746.0,655574.0,109581.0,1788780.0,814598.0,549460,4602322,52909.0,4201291,6805727,11938139,764886.0,5760392,451784,359841,1269093.0,3686210.0,1127714.0,13096897.0,510109,18814.0,1380296,60495,53759.0,1871808,786142.0,1637653.0,584581.0,184190.0,207435.0,338629.0,10780139,10780139,457612,745604.0,2388059.0,625766.0
154,0,Female,102614.0,141849,141849,1941309.0,6259949,10169281,7257302,121785,122384.0,82492,163461.0,305884,149233.0,85549,194439.0,576789.0,576789.0,103367.0,201341.0,338359,893426.0,1475972.0,1485441.0,1674689,1076842,109728.0,158663.0,158663.0,23996.0,163755.0,34381,65242.0,2721010,506.5,958282,26366387,647694.0,277543,1176174.0,732102.0,2572264,788078.0,97132.0,13207546,110165988,47499.0,167793.0,594908.0,296897.0,4894.0,855294,396080.0,1425014,158513.0,460055,371205,16543.0,32369.0,40084.0,2370554,599983.0,107340749,380034.0,9350503,43637,52824,89612.0,311398,1701539.0,188444,50618.0,124251,124251,615895.0,615895.0,615895.0,35000.0,19379.0,3729916.0,57584.0,438964.0,28897.0,130048,516390.0,693835.0,92071.0,311967.0,630113.0,257263,1599852,567063.0,1387405,16322152,14859624,1969086.0,5435424,704880,156016,1046416.0,631729.0,432372.0,40040980.0,487834,436518.0,1067962,8126077,57032.0,1417289,550304.0,596538.0,236955.0,32640.0,4076073.0,4424305.0,6202222,6202222,124778,296586.0,1611852.0,302008.0
155,0,Female,243205.0,67300,67300,456801.0,2516648,2777795,1785651,63411,48376.0,29649,38488.0,330211,110210.0,61233,38658.0,65795.0,65795.0,59135.0,44561.0,270358,1214483.0,213346.0,630764.0,658122,310342,34715.0,57286.0,57286.0,22187.0,158493.0,32831,74275.0,2024057,506.5,114504,30093517,180304.0,249711,170496.0,61954.0,1659933,45247.0,40949.0,3345818,32833866,48022.0,99575.0,78791.0,201433.0,1673.0,58678,65027.0,1880617,124554.0,84865,183951,1902.0,11458.0,10437.0,712181,102770.0,37093933,113552.0,942919,27652,30474,33539.0,54738,597762.0,34712,99922.0,185019,185019,56410.0,56410.0,56410.0,11506.0,83021.0,628875.0,4006.0,67843.0,27830.0,55525,199520.0,58522.0,20991.0,166356.0,229681.0,138433,373510,61060.0,501618,4475533,5828434,1646098.0,2304653,136560,43262,530849.0,290810.0,339683.0,8716754.0,201208,61424.0,217569,2083785,74657.0,595387,169350.0,893645.0,170037.0,15397.0,295795.0,299877.0,4920117,4920117,110323,163396.0,827342.0,79450.0
156,0,Female,13941.0,99597,99597,763330.0,2919853,5497423,3718731,91851,44253.0,28734,50746.0,224428,64773.0,89557,140794.0,180781.0,180781.0,60952.0,98472.0,397026,1190711.0,442812.0,1517370.0,1140106,605160,76091.0,124451.0,124451.0,37842.0,338322.0,24654,52704.0,1109705,19536.0,246473,30669184,429182.0,288669,62577.0,50227.0,2830258,191205.0,53004.0,3988603,61419554,56686.0,10958586.0,116112.0,372702.0,10031.0,147127,202535.0,1119158,123008.0,210770,102275,1409.0,9547.0,16103.0,769079,244898.0,59425753,174707.0,2296868,33701,55461,55652.0,193779,874086.0,65047,90814.0,105655,105655,142784.0,142784.0,142784.0,26678.0,1774.0,985314.0,160035.0,259071.0,52592.0,56946,221414.0,116330.0,41441.0,233047.0,502625.0,292353,1910641,40564.0,946509,7391639,6620442,1794516.0,4472057,160570,90214,583120.0,698772.0,382040.0,13839977.0,312736,174900.0,465113,3359296,42261.0,775435,495104.0,1731702.0,254704.0,63292.0,362259.0,694028.0,5803395,5803395,177176,159982.0,1260266.0,175352.0
157,0,Female,1122075.0,224690,224690,4398279.0,19030931,30008362,19932606,308257,105589.0,90445,294626.0,3159131,1428986.0,164280,409710.0,1103612.0,1103612.0,1243021.0,327966.0,761994,2458891.0,1315331.0,4009301.0,4246851,3792041,208748.0,453013.0,453013.0,62054.0,1169554.0,89297,224307.0,27355349,607.5,535155,60545813,2175061.0,1090829,163880.0,90484.0,9071189,107818.0,18803.0,9653718,280786860,21953.0,527470.0,585788.0,520043.0,607.5,1797649,880374.0,2894180,320726.0,716111,1368181,5463.0,18887.0,12627.0,2938432,303345.0,119859091,816574.0,2878146,78901,191145,224748.0,182799,2574099.0,360171,425610.0,265589,265589,1012860.0,1012860.0,1012860.0,55127.0,229035.0,1065528.0,87713.0,391834.0,6958.0,135679,662811.0,423559.0,115048.0,323019.0,730573.0,3355208,1189080,2210672.0,3675519,35381207,21561221,2968517.0,14326497,4803070,3084129,1808439.0,4758377.0,926741.0,149621363.0,1577665,1058872.0,971978,17239758,122953.0,4282757,1948898.0,2027567.0,241782.0,6203.0,1007337.0,1069489.0,15887568,15887568,159717,666412.0,4222945.0,353548.0
158,0,Female,41577.0,257210,257210,458744.0,1302465,3558399,2265971,102539,82745.0,48443,131697.0,143053,631955.0,86136,339375.0,165592.0,165592.0,69344.0,145637.0,383105,1441678.0,2364013.0,1600960.0,2271117,2505985,151853.0,2324627.0,2324627.0,83641.0,107307.0,28447,94602.0,905654,17192.0,343779,33863609,148977.0,458144,524512.0,252267.0,1530073,229638.0,1013.0,2837690,84521931,103032.0,624623.0,115610.0,479128.0,12223.0,175956,154580.0,1662909,117002.0,682120,328767,506.5,24970.0,506.5,1476926,671286.0,22898425,207685.0,3218182,155041,42765,246815.0,704310,1384327.0,210236,14171.0,714574,714574,47342.0,47342.0,47342.0,54479.0,30742.0,1159334.0,2124729.0,342702.0,118529.0,79507,639315.0,140042.0,62875.0,689495.0,445131.0,235020,2643100,507923.0,1922726,5663153,12168560,640198.0,6266130,1477749,485091,706106.0,1588697.0,784275.0,15982004.0,189553,50894.0,894145,1292700,45381.0,965851,532807.0,2061281.0,254301.0,27951.0,407165.0,417830.0,6082535,6082535,117650,792057.0,2123611.0,374281.0
159,0,Female,9877.0,48701,48701,924805.0,924805,944424,639817,50820,24395.0,36114,12811.0,251745,158110.0,34164,70419.0,48521.0,48521.0,8170.0,83325.0,433609,787538.0,110799.0,1166449.0,616203,481913,38191.0,464350.0,464350.0,28818.0,88983.0,16410,26993.0,278243,506.5,163836,21637160,9974.0,520448,41549.0,31816.0,2540639,52125.0,18117.0,2036121,24483287,10787.0,12295.0,18601.0,248196.0,6654.0,37493,108859.0,1551726,107197.0,103758,87313,3685.0,9817.0,9563.0,1136595,57708.0,39153206,42014.0,972834,35971,13106,20678.0,76506,373676.0,66922,21240.0,95911,95911,437309.0,437309.0,437309.0,24108.0,5673.0,1505791.0,98267.0,140338.0,73872.0,66490,146663.0,102544.0,38061.0,335222.0,211397.0,576413,853454,1638627.0,564019,1996514,4658526,1279592.0,2975153,99969,70512,292180.0,223810.0,173302.0,3817433.0,147305,11504.0,273182,147755,26861.0,322546,235845.0,891523.0,50793.0,506.5,341495.0,371777.0,5877215,5877215,59379,187693.0,1117829.0,98553.0
160,0,Female,13001.0,65073,65073,1297127.0,3942449,7181581,3541595,110537,2009.0,14794,112342.0,266132,226740.0,56363,225409.0,188550.0,188550.0,335819.0,256957.0,102358,459178.0,162761.0,712101.0,770991,212174,36569.0,77586.0,77586.0,16553.0,92802.0,34920,32316.0,5818657,506.5,146262,12473399,507226.0,234448,413330.0,133482.0,3236418,585381.0,1374.0,61115,45763716,26621.0,33825.0,156647.0,194502.0,2836.0,541943,166125.0,1658523,176642.0,98638,55788,506.5,4151.0,506.5,854039,85665.0,37443365,129881.0,6906239,38641,35425,28296.0,51148,503704.0,24078,175008.0,94171,94171,212113.0,212113.0,212113.0,21326.0,5626.0,750086.0,77052.0,69159.0,26771.0,33685,182266.0,52028.0,25672.0,32226.0,289411.0,560318,286117,688966.0,448079,6353293,7538596,751219.0,2688985,130451,85691,504941.0,249193.0,208849.0,16659661.0,254013,186788.0,328863,5124143,35408.0,855727,412124.0,300482.0,15775.0,9563.0,515771.0,631004.0,6136872,6136872,43279,88184.0,763305.0,79452.0
161,0,Female,36430.0,114537,114537,155546.0,957970,2046492,1274458,159998,220902.0,130178,4600.0,109807,61676.0,101142,5039.0,120513.0,120513.0,465776.0,607.5,478909,1543974.0,346932.0,1056423.0,3167035,755147,192104.0,132280.0,132280.0,82197.0,256701.0,66146,178006.0,7504338,607.5,220902,47219617,81997.0,2100648,98124.0,74427.0,2040088,724952.0,29211.0,3963091,84708390,23795.0,1777804.0,88331.0,501433.0,4475.0,70083,176636.0,3806074,365670.0,291978,1415149,607.5,607.5,607.5,1841280,101548.0,92706862,156272.0,14175391,104686,89360,50751.0,173214,1408863.0,204455,68694.0,353042,353042,674884.0,674884.0,674884.0,29724.0,14525.0,2942199.0,31455.0,242230.0,177300.0,271420,316344.0,34805.0,5370.0,474563.0,425153.0,1211241,745804,950773.0,10284943,6943157,19945915,1584789.0,6967542,351935,186699,505928.0,12719346.0,571427.0,26800006.0,877999,34839.0,282679,68282,334919.0,837715,1023990.0,1675219.0,6174.0,607.5,433284.0,750275.0,25600071,25600071,415293,273505.0,1547866.0,281005.0
162,0,Female,9854.0,173672,173672,515301.0,4548936,5238560,3379894,176066,45143.0,134880,5194.0,2307693,81046.0,170780,8699.0,91793.0,91793.0,87553.0,607.5,1402006,1421552.0,957971.0,1118722.0,4460837,530152,135981.0,56627.0,56627.0,109686.0,1107304.0,47938,276081.0,2256924,607.5,257867,45561767,177386.0,1651836,150121.0,84386.0,2882647,308999.0,33087.0,6520356,150458645,114863.0,5950440.0,53759.0,669974.0,607.5,113679,449838.0,2377843,173796.0,433671,2428898,607.5,607.5,6519.0,2114898,206411.0,104674927,46701.0,8290839,163493,90838,145949.0,481661,1859365.0,734536,114611.0,1319665,1319665,573464.0,573464.0,573464.0,46964.0,11667.0,3181566.0,4824.0,523379.0,234820.0,226842,652562.0,305106.0,607.5,429458.0,383621.0,803159,3275031,497944.0,3140084,7943866,25967756,1939612.0,9921954,261782,166396,592235.0,2640179.0,769267.0,19351779.0,823502,607.5,689081,137522,300958.0,1328222,1257060.0,1561579.0,284818.0,90324.0,732843.0,975003.0,21304507,21304507,303433,345902.0,1719671.0,328769.0
163,0,Female,1000744.0,585634,585634,1604090.0,3933856,3180237,1499548,192543,108366.0,107623,93179.0,708108,943959.0,184979,404943.0,176242.0,176242.0,329954.0,308099.0,1228256,2657416.0,4238666.0,2201423.0,4619291,1798491,145625.0,3477904.0,3477904.0,115276.0,1546698.0,59499,338001.0,3839227,82635.0,1111432,53134500,165866.0,1021883,462154.0,129951.0,4434819,185856.0,61037.0,5081603,110012561,335485.0,382841.0,152793.0,895854.0,43388.0,86117,1219510.0,2725977,225086.0,888295,562896,15348.0,37788.0,26946.0,3601151,387047.0,52757029,535133.0,3048522,112694,69730,72110.0,977451,1480090.0,351799,93532.0,360016,360016,108655.0,108655.0,108655.0,179235.0,851506.0,2223760.0,75813.0,754596.0,393331.0,180306,1751268.0,493367.0,253744.0,1983610.0,698950.0,221050,4396766,1048384.0,3754314,6261888,18614766,1778995.0,4921126,687265,626308,1350856.0,1872411.0,833004.0,17916742.0,460168,49567.0,1592131,416161,35400.0,2414698,575306.0,5430916.0,564208.0,46739.0,14346.0,301204.0,9594030,9594030,774299,384248.0,2582191.0,894140.0
164,1,Male,100060.0,1233424,1233424,211356.0,551519,4832613,1895066,3070098,87972.0,810849,91022.0,3559207,1901281.0,1237434,712706.0,141457.0,141457.0,1232879.0,576358.0,980903,4349935.0,5776736.0,9222617.0,26462423,3662509,376839.0,6232540.0,6232540.0,739333.0,1841773.0,480008,4158817.0,21657153,607.5,279540,62233554,632465.0,2978241,730609.0,409827.0,11211084,185941.0,230723.0,11688609,351216377,698075.0,85510343.0,674642.0,1964226.0,58384.0,420709,1335591.0,6561353,492283.0,3572802,1341925,37380.0,100408.0,8997.0,6388553,8737914.0,133296159,311214.0,6607397,1690858,4267364,811883.0,3913085,9462418.0,871338,196363.0,3048015,3048015,607.5,607.5,607.5,535231.0,134813.0,7775199.0,61095.0,1941038.0,971358.0,453499,2910624.0,519376.0,160662.0,633018.0,653118.0,2144040,7407003,410788.0,7707684,18571687,222385482,2946474.0,14530422,2930173,2953079,5055420.0,27860934.0,2652906.0,83067480.0,3203966,412556.0,3402503,404122,40670.0,5419343,7628559.0,12613245.0,544028.0,576764.0,1184795.0,3283233.0,30944680,30944680,358002,2025231.0,3096009.0,2419982.0
165,1,Male,64832.0,695890,695890,2576605.0,14801777,15589584,15397507,847567,24283.0,153310,4800.0,3901596,222481.0,903792,437463.0,2241426.0,2241426.0,369852.0,371246.0,1819782,3043290.0,1076046.0,3630897.0,8385880,1282724,71607.0,218223.0,218223.0,200669.0,944565.0,330223,716168.0,9504232,607.5,343725,53477982,225552.0,1991574,732002.0,341445.0,11468540,106257.0,60031.0,4053585,202251059,144878.0,36338610.0,470985.0,1004517.0,26579.0,161384,1619548.0,3918692,303855.0,1440281,419295,607.5,11903.0,24826.0,8503546,446259.0,128867525,201500.0,2618651,663479,489780,252911.0,782864,7057344.0,285029,689731.0,1218161,1218161,758894.0,758894.0,758894.0,153096.0,76592.0,6246185.0,8913.0,531412.0,466799.0,336294,1346007.0,272327.0,59794.0,348784.0,850600.0,1467559,4482627,406282.0,3943098,12390000,37171036,2469992.0,6288184,1089427,484590,2581418.0,10245501.0,2495713.0,25243563.0,1351170,171184.0,1637253,296663,92338.0,3269603,3260358.0,4382472.0,546895.0,217455.0,805771.0,2392852.0,20070120,20070120,239131,1089016.0,3260592.0,984144.0
166,1,Male,462726.0,849449,849449,1459317.0,3461644,7866370,4184836,804686,90927.0,141827,131425.0,1013356,143909.0,719504,252796.0,80682.0,80682.0,807789.0,260863.0,1401757,1935287.0,1348835.0,2790745.0,4360200,2842477,158327.0,127254.0,127254.0,69042.0,287139.0,46653,427272.0,4997395,209760.0,321884,43532079,252673.0,710290,579136.0,170131.0,4117819,402021.0,300579.0,5470568,77428828,161767.0,30444117.0,180433.0,793801.0,33902.0,42314,795994.0,2272424,151228.0,1204267,249902,46480.0,134370.0,70194.0,3836320,285496.0,66964368,403106.0,5180644,89769,123461,94194.0,611586,2843316.0,270737,93693.0,652952,652952,34765.0,34765.0,34765.0,112433.0,320301.0,2116361.0,135709.0,603083.0,321091.0,269713,1346266.0,231809.0,160244.0,411358.0,1337600.0,335576,4565658,52230.0,1581953,7322012,17410213,1974945.0,4648482,955251,400363,4102754.0,6138577.0,1199544.0,20130977.0,545882,103315.0,1087485,1743406,12081.0,1904875,3188856.0,2115490.0,434314.0,208786.0,177677.0,1601796.0,8672126,8672126,564267,717675.0,3393308.0,684290.0
167,0,Female,139064.0,646452,646452,1169164.0,6448619,2558158,2767218,658153,36565.0,181774,20685.0,2758609,251330.0,1676554,912678.0,424545.0,424545.0,916286.0,739570.0,3038019,1908070.0,2781704.0,4253223.0,19366320,2735667,256519.0,596788.0,596788.0,541059.0,382725.0,119076,1305824.0,8705057,104303799.0,943730,73546273,424302.0,4622229,857346.0,386597.0,10337764,309762.0,53195.0,7904564,374440820,489267.0,936950.0,480261.0,1411538.0,33362.0,270319,1920152.0,4617020,406352.0,1994567,1430886,607.5,607.5,607.5,8924909,761038.0,81685094,577098.0,6834564,367600,274356,150600.0,1964494,7155260.0,1055780,167311.0,834399,834399,23639.0,23639.0,23639.0,173397.0,61513.0,5307148.0,1111630.0,2180193.0,207985.0,475355,1558201.0,689666.0,85982.0,1109084.0,1238932.0,1801836,16275380,2965834.0,5840943,14751723,39668478,2147513.0,8578643,1484764,1304180,3777072.0,25877019.0,2746633.0,36115802.0,1538505,64791.0,3328682,8080,155957.0,6709445,5529651.0,11742901.0,286557.0,86193.0,10064.0,286433.0,23959078,23959078,473391,874665.0,4462941.0,996652.0
168,0,Female,264705.0,490938,490938,7439304.0,14881802,20479189,12687175,406727,7959.0,156194,249392.0,2627565,640041.0,348201,446230.0,914941.0,914941.0,1802765.0,457952.0,376457,7162992.0,2848307.0,1179149.0,14881974,1266929,75552.0,855069.0,855069.0,237488.0,2749271.0,110672,865333.0,13118723,607.5,1046810,44169518,2396077.0,2155701,469354.0,105328.0,3677246,5172164.0,53192.0,2038723,200573134,480287.0,271048.0,780430.0,1475399.0,44612.0,339871,1403518.0,8728880,844614.0,2286478,530000,607.5,11227.0,607.5,9696903,274580.0,265834868,568802.0,63747644,348805,62832,97084.0,1966015,5890199.0,406466,186814.0,2381282,2381282,12670167.0,12670167.0,12670167.0,233086.0,252871.0,1507991.0,8230.0,2890435.0,580617.0,323078,2049937.0,754726.0,229408.0,490284.0,1690522.0,3213137,5674073,3754807.0,3981687,15266007,87603972,2856725.0,16822149,2093600,1425697,3355099.0,15684186.0,1134227.0,101728565.0,1862637,415163.0,4358983,6437693,62310.0,6598371,998320.0,3413383.0,27191.0,118902.0,6553555.0,14160486.0,32540833,32540833,508620,122817.0,3019276.0,1527056.0
169,0,Female,79308.0,266498,266498,4430121.0,14867509,24271602,17039420,363945,74761.0,172018,7721.0,4341054,183505.0,170024,433492.0,4041853.0,4041853.0,217962.0,346333.0,898170,2219297.0,788594.0,2831393.0,8450688,1872377,115027.0,277951.0,277951.0,176619.0,140683.0,118682,547619.0,8730504,34045.0,667730,64931555,1812329.0,1525199,346707.0,176477.0,10920251,100127.0,607.5,6683408,101479363,148614.0,726734.0,392394.0,841837.0,19800.0,114981,831100.0,5725013,483409.0,641767,284241,607.5,607.5,607.5,6815312,354019.0,141566446,179543.0,2938232,381602,170076,102351.0,691609,4966808.0,244000,285808.0,646936,646936,629943.0,629943.0,629943.0,123093.0,116013.0,3494622.0,137423.0,575815.0,365333.0,409226,1123876.0,392549.0,102338.0,2258533.0,794346.0,1240058,6920585,288346.0,3297690,8199451,56060380,3301439.0,9943966,1130946,631631,1926985.0,8286116.0,1206836.0,30472484.0,1059774,197478.0,1742428,4794538,199413.0,3588390,1519221.0,6860083.0,115631.0,52602.0,758360.0,3188212.0,24702382,24702382,252290,733260.0,4160961.0,492963.0
170,0,Female,380522.0,342007,342007,2168010.0,5175048,8184772,4255768,343538,179232.0,145326,163821.0,674786,409349.0,419703,356605.0,491810.0,491810.0,1297980.0,399995.0,2172130,59476.0,1962657.0,4215579.0,4713021,2828002,1145051.0,258218.0,258218.0,108840.0,3677101.0,152090,38049.0,11363040,27076.0,476576,66593839,98680.0,735726,240796.0,156526.0,6141107,592341.0,42463.0,15549445,141798825,2164477.0,10341278.0,181484.0,1056153.0,41888.0,116248,1283754.0,2542417,222383.0,507117,250036,15377.0,31960.0,31343.0,2347508,1914641.0,58850522,982710.0,6926259,146051,353751,209903.0,585059,1967032.0,352533,150424.0,763049,763049,506.5,506.5,506.5,102805.0,366324.0,2590556.0,2978573.0,1108121.0,563529.0,222046,870491.0,29421.0,145378.0,1025921.0,357882.0,343726,7075273,7113608.0,3611572,5903614,31165057,2071138.0,6521150,557744,378113,952906.0,2736223.0,1169796.0,34893796.0,547369,152183.0,1614701,533375,104843.0,5023353,1422308.0,7977532.0,705293.0,171264.0,54782.0,701406.0,10988790,10988790,146092,527001.0,1725624.0,971020.0
171,1,Male,117848.0,627207,627207,75496.0,236477,2771227,529447,313052,170611.0,134762,112369.0,4323746,605046.0,236954,53180.0,648474.0,648474.0,429688.0,91934.0,2075448,5146262.0,3713057.0,7273064.0,14438127,6848155,542255.0,1161919.0,1161919.0,220863.0,838299.0,119389,1844365.0,7802782,181791.0,359997,73108516,400527.0,3523794,416552.0,241143.0,5577464,194190.0,51223.0,8330660,258515743,336086.0,89989883.0,197788.0,1658495.0,35845.0,126453,1041124.0,3615301,257644.0,1555877,1341154,7137.0,33691.0,19125.0,4827915,297116.0,114726747,692867.0,3658633,445749,180251,136071.0,1047941,5923336.0,223969,561354.0,632971,632971,882984.0,882984.0,882984.0,142238.0,119215.0,480557.0,965062.0,1021020.0,677913.0,252743,1583104.0,410282.0,83110.0,4241709.0,905918.0,3797450,1403229,5322435.0,7100259,11523758,106155316,3735178.0,15548943,2937948,854232,3008722.0,23232727.0,3248321.0,51261555.0,1514541,35092.0,1231494,21365,482726.0,3776148,607605.0,15833338.0,1066444.0,389655.0,1111505.0,1264749.0,23184858,23184858,667494,2005973.0,7537291.0,1181832.0
172,1,Male,94359.0,355781,355781,4192685.0,7465055,23336305,14051155,340858,342338.0,98350,155021.0,1887159,1805777.0,160929,349769.0,493277.0,493277.0,376053.0,409034.0,772005,1783679.0,1735479.0,1749975.0,8001536,3832649,69648.0,5891318.0,5891318.0,74655.0,3587011.0,95878,645112.0,7290689,607.5,342338,39990568,3298607.0,1342409,287603.0,45837.0,5779052,4303809.0,57108.0,117606,160652312,147925.0,27180678.0,442256.0,522097.0,6331.0,203235,483101.0,2561511,257460.0,1426701,520309,1594.0,17480.0,3015.0,4262426,133766.0,191289622,521079.0,45846315,221118,105130,57837.0,844883,4339266.0,323910,315090.0,1185378,1185378,3937541.0,3937541.0,3937541.0,102745.0,110978.0,333982.0,28131.0,569060.0,337324.0,277988,1513481.0,250661.0,114323.0,614198.0,692876.0,2497497,5242011,128764.0,1434635,11994179,70988528,2534106.0,19519972,1136530,1601442,2039326.0,8874905.0,1105789.0,67239752.0,1939521,270904.0,2065482,12464220,69544.0,3450453,774860.0,12903263.0,185380.0,98563.0,4801228.0,7049892.0,14407791,14407791,247482,315358.0,5320910.0,772629.0
173,1,Male,607.5,760261,760261,855987.0,2851153,7839717,3940696,480191,447093.0,186680,21894.0,1092630,620975.0,253783,611048.0,1302545.0,1302545.0,2587846.0,684942.0,2162716,2782916.0,4629949.0,7179730.0,13094738,6887103,204031.0,625480.0,625480.0,234630.0,128909.0,280555,845952.0,24866898,32970.0,174760,102737092,965745.0,2222568,1095900.0,602313.0,5566033,527412.0,2715.0,25209232,208572546,253027.0,5417581.0,147637.0,1544594.0,30703.0,121044,4773821.0,3030116,347021.0,1761743,888949,607.5,15895.0,607.5,5173684,734310.0,177172698,413779.0,10900100,721769,643490,224322.0,667660,4617635.0,201300,291519.0,2714328,2714328,516219.0,516219.0,516219.0,142546.0,59406.0,201602.0,5231.0,1231435.0,548991.0,338237,848096.0,207522.0,214755.0,2740032.0,728663.0,3344141,9061916,980659.0,4398498,11694127,113785361,5710064.0,20002458,3649696,843012,2451932.0,12313787.0,2735553.0,58838429.0,1893012,499855.0,1971155,138115,65541.0,2437706,1079904.0,5397137.0,54860.0,262054.0,857047.0,566186.0,21212232,21212232,524611,1123188.0,4810052.0,991113.0
174,1,Male,15801.0,271788,271788,5199944.0,7814934,21413125,13006022,193345,190340.0,55668,294040.0,496794,239579.0,71267,118073.0,572424.0,572424.0,721948.0,150145.0,611977,1670034.0,836673.0,2534064.0,2538257,1204504,88771.0,648123.0,648123.0,59321.0,5500983.0,41016,358810.0,7627628,506.5,586463,49037432,1212696.0,721277,1166593.0,535921.0,3009709,293274.0,19413.0,6015147,60547751,203625.0,2377599.0,126993.0,633989.0,33129.0,86750,1070720.0,1800988,176909.0,343776,125090,506.5,17131.0,2160.0,1032113,416194.0,50513639,458343.0,4157685,68838,21673,71749.0,420053,1412768.0,88206,68694.0,266927,266927,42190.0,42190.0,42190.0,57042.0,10489.0,1341658.0,13641.0,271341.0,310955.0,118663,833323.0,92337.0,82747.0,442094.0,509566.0,100824,1703504,14801.0,1365914,5052543,16672196,1437166.0,4511320,437953,295047,882112.0,1622044.0,793487.0,23937370.0,361084,59282.0,730602,9377853,19370.0,853279,191440.0,3629853.0,358839.0,114265.0,33350.0,816446.0,7603743,7603743,113239,539024.0,2179106.0,264468.0
175,1,Male,131621.0,623262,623262,391930.0,1389874,4177729,1963870,331454,42625.0,69813,51513.0,474363,203297.0,196365,333314.0,125482.0,125482.0,1432945.0,399178.0,966962,2163698.0,1123314.0,1439451.0,3278485,991475,198994.0,148867.0,148867.0,78469.0,437726.0,84567,684658.0,9785036,204499.0,189427,31483246,307595.0,1109638,740672.0,224021.0,3479317,187758.0,457688.0,2578854,94991996,268125.0,42049693.0,112072.0,867492.0,33775.0,68053,799274.0,2268518,152974.0,957135,154507,37907.0,95042.0,58198.0,2323143,490544.0,48010167,494613.0,2497581,421416,135467,118896.0,471880,2676004.0,217418,48700.0,399235,399235,99932.0,99932.0,99932.0,64778.0,109449.0,2451754.0,55523.0,440849.0,303776.0,145259,849654.0,130879.0,103619.0,988126.0,585114.0,378712,3023181,2639061.0,1590306,6787356,23919343,1164089.0,6016556,777582,392782,1052592.0,3701720.0,954705.0,13580894.0,450224,264082.0,952845,78402,57995.0,2691753,700912.0,2714104.0,443626.0,312930.0,350609.0,671138.0,8729860,8729860,304461,376001.0,1519000.0,644014.0
176,1,Male,55452.0,352566,352566,479097.0,1312764,2968557,1029730,463780,34229.0,66701,102588.0,375497,229976.0,329661,1101873.0,730003.0,730003.0,157605.0,1700263.0,400614,2446648.0,1405490.0,518788.0,3767549,433328,188569.0,500897.0,500897.0,86168.0,322813.0,57018,369169.0,1762476,506.5,430291,34012493,58937.0,731238,190310.0,102499.0,3196117,142217.0,82708.0,3445785,51885723,112747.0,237561.0,93440.0,841647.0,25937.0,68899,843557.0,2131109,150385.0,832810,135182,12417.0,130691.0,52218.0,2088674,150633.0,59561059,303907.0,2406557,110072,48123,52415.0,585026,2071700.0,183352,210017.0,1000763,1000763,779128.0,779128.0,779128.0,88379.0,34760.0,2417024.0,18909.0,495728.0,353955.0,120904,1175942.0,220198.0,91757.0,480974.0,474688.0,529165,1689098,319439.0,1142052,4847469,19213885,1353163.0,4057601,844445,166782,1366891.0,1247414.0,930170.0,13985936.0,482536,7944.0,718167,443115,42189.0,4583445,619976.0,2235076.0,316538.0,135365.0,412316.0,652767.0,9193478,9193478,219005,163090.0,926843.0,822887.0
177,0,Female,92619.0,582135,582135,1103830.0,4856406,6151472,4383418,214748,41989.0,147476,21203.0,1151587,577113.0,172104,374604.0,593810.0,593810.0,229744.0,381094.0,1037309,2002086.0,1401708.0,6686427.0,14363177,3960451,128718.0,808147.0,808147.0,196463.0,1775531.0,41793,711813.0,5178958,143205.0,403497,68282242,54992.0,1845486,712240.0,170152.0,4149595,186524.0,4488.0,6907040,164277119,133511.0,904392.0,197867.0,1034967.0,35862.0,188370,747420.0,2839700,231558.0,1266086,454061,607.5,607.5,607.5,4589905,215944.0,110290148,858944.0,3238247,274173,230844,67165.0,808693,3410856.0,149873,347193.0,919444,919444,647943.0,647943.0,647943.0,106177.0,85047.0,169371.0,2317563.0,935033.0,384126.0,277308,1473969.0,274258.0,72996.0,778657.0,1224563.0,3666036,11032495,297234.0,3044038,10061237,92006065,3209081.0,9994894,1273018,873904,2560869.0,5100336.0,1734931.0,37487933.0,1199215,145776.0,1368078,60076,139551.0,2219518,652984.0,4765807.0,461916.0,52791.0,514652.0,620973.0,16591716,16591716,347983,1482493.0,5853004.0,525484.0
178,1,Male,51348.0,397604,397604,5422102.0,8842685,23287406,13763285,416771,106511.0,68051,289834.0,684301,278022.0,290517,171165.0,257155.0,257155.0,330435.0,208575.0,361589,971613.0,1203941.0,931784.0,4155116,354397,93508.0,1516544.0,1516544.0,106810.0,537251.0,85367,1038663.0,4752070,22214.0,290836,56494264,304648.0,615675,326616.0,109072.0,2922272,1576589.0,623017.0,7705653,87533284,1167791.0,5993787.0,349264.0,1161949.0,72198.0,187682,1094809.0,5975394,783736.0,605495,78350,27687.0,72653.0,19499.0,3169138,742988.0,141164546,518993.0,16561122,114267,81627,94998.0,751709,3629840.0,233990,44726.0,196327,196327,76313.0,76313.0,76313.0,265529.0,44237.0,1561994.0,72658.0,627668.0,431165.0,173341,669741.0,87897.0,102828.0,489613.0,701071.0,298372,1475255,36707.0,621264,6237460,25526113,3327143.0,7265918,763233,747198,1233128.0,2049664.0,731161.0,33048815.0,778634,75022.0,1225849,7651817,1911.0,2783441,858284.0,5438222.0,333061.0,609206.0,448182.0,4246488.0,18981975,18981975,237663,304341.0,1628931.0,1185008.0
179,1,Male,159751.0,666409,666409,4702730.0,10722786,18499953,12146700,489883,39050.0,187030,159434.0,5040629,264054.0,208822,770099.0,395205.0,395205.0,282643.0,800181.0,842085,2690201.0,2728284.0,2034137.0,9161854,1430257,136592.0,408679.0,408679.0,138633.0,638766.0,142337,1988680.0,5593544,11380.0,192357,56061873,573586.0,1672034,1813567.0,403274.0,10037793,1756737.0,8746.0,4708055,185256300,70676.0,19389.0,292572.0,1387558.0,49724.0,218708,723309.0,6421916,402230.0,1728428,944184,75923.0,261313.0,1265203.0,3956643,567799.0,102913618,639955.0,21325673,395514,353891,61220.0,983145,4319677.0,184773,260750.0,2140449,2140449,326165.0,326165.0,326165.0,139162.0,146846.0,5013897.0,80480.0,1179748.0,545639.0,252460,1696337.0,349345.0,75640.0,982281.0,685631.0,1230768,2044631,607.5,2482068,12325044,62270727,2220583.0,17203148,2402126,476579,1945517.0,7399474.0,2392710.0,52509367.0,1310437,62898.0,1865044,6856042,207355.0,3728097,1209404.0,14345510.0,128685.0,208891.0,1281098.0,1257784.0,24380208,24380208,209271,493530.0,3282371.0,1127759.0
180,0,Female,607.5,679956,679956,20292345.0,29934738,60032654,42606906,1090860,831034.0,366293,67076.0,10079986,545929.0,1237860,525836.0,202170.0,202170.0,1751723.0,445231.0,1304874,602319.0,5587587.0,3295768.0,20865107,2097410,239314.0,2702321.0,2702321.0,396744.0,2799028.0,301383,1614465.0,20617405,134269.0,848858,98366505,1193294.0,1386156,730555.0,130820.0,10715151,5320683.0,150215.0,3148574,364126476,391911.0,451277.0,853369.0,1053496.0,35414.0,891800,2297084.0,4714408,596456.0,756749,587484,22847.0,61096.0,48464.0,9490696,4077432.0,203829700,503590.0,83355675,637392,557767,602427.0,2462854,7128388.0,1879539,438424.0,3944241,3944241,607.5,607.5,607.5,268052.0,273287.0,6015537.0,45878.0,1986537.0,742011.0,241416,2379822.0,560421.0,176870.0,511324.0,1025006.0,923463,18531103,1105540.0,1064982,21190197,45382916,4851352.0,58953823,1515499,2786798,3626295.0,9905666.0,1442552.0,60974164.0,1905061,54320.0,3291207,5449038,29565.0,10515620,9231105.0,22765367.0,5795.0,201540.0,820758.0,8969702.0,24452585,24452585,257992,422478.0,4200543.0,1397064.0
181,0,Female,75541.0,105270,105270,1106345.0,3831844,6301903,3270146,90891,557311.0,46064,53281.0,665478,477396.0,111862,219999.0,145693.0,145693.0,177253.0,270998.0,556584,1009283.0,240547.0,2027717.0,1658063,1834871,121269.0,116304.0,116304.0,53236.0,154688.0,49837,29767.0,2717898,17622.0,425811,35125958,186122.0,450237,189795.0,64045.0,3416427,413588.0,2065.0,7602801,56282727,30125.0,22923.0,48263.0,506442.0,19100.0,68315,472320.0,2927397,173288.0,153735,115711,1973.0,18351.0,11011.0,710723,888438.0,47661671,250065.0,4870894,84429,37120,402284.0,145491,1076505.0,155827,48673.0,390431,390431,56225.0,56225.0,56225.0,41495.0,46763.0,955037.0,62094.0,193981.0,199312.0,119274,350956.0,54783.0,54271.0,1621016.0,305091.0,78279,1847669,1581159.0,1453059,3664141,15499900,1260812.0,7617927,287492,142948,479666.0,917574.0,756085.0,13279922.0,276605,55160.0,789359,1267612,37938.0,756462,350709.0,3714358.0,110804.0,35865.0,578675.0,1325379.0,9570257,9570257,42982,373769.0,1605967.0,204548.0
182,0,Female,12725.0,85844,85844,310338.0,1483014,2265236,1203305,76164,36402.0,22822,9554.0,1166802,71341.0,61707,81120.0,44830.0,44830.0,58396.0,134175.0,588785,514861.0,362314.0,681568.0,644520,264699,49140.0,56924.0,56924.0,27269.0,805909.0,28968,76068.0,1337608,506.5,55332,16804406,114673.0,348147,40602.0,15228.0,1517984,342306.0,51950.0,2759004,32517576,28708.0,27864.0,5233.0,239901.0,10189.0,22635,432916.0,1414922,110558.0,139880,80299,12394.0,26012.0,15606.0,1015036,106340.0,44034584,106370.0,3760431,67486,33444,46683.0,117009,612975.0,81537,32022.0,120872,120872,219738.0,219738.0,219738.0,20361.0,6955.0,544575.0,31181.0,101888.0,77621.0,60078,205274.0,56577.0,20664.0,421437.0,196563.0,415243,1059386,15779.0,626500,1412160,12627283,985898.0,2576211,149314,39211,232367.0,465988.0,354328.0,5150883.0,162357,3088.0,292444,515461,30170.0,733660,318110.0,418448.0,441820.0,29233.0,376261.0,462076.0,5161235,5161235,97567,87028.0,720929.0,162873.0
183,0,Female,133862.0,445275,445275,944285.0,2494071,5640134,3139612,471188,1953.0,77397,97621.0,1617420,189817.0,285060,539796.0,374970.0,374970.0,248661.0,600863.0,2256242,1558786.0,1005109.0,1787864.0,3095221,999308,331335.0,264870.0,264870.0,94557.0,231295.0,25287,305483.0,3097767,506.5,165622,30374353,56516.0,547382,511208.0,195654.0,3367390,909500.0,87048.0,158910,73847810,162376.0,26705925.0,219793.0,649834.0,37875.0,173740,120079.0,4748169,298246.0,763363,154628,17566.0,61421.0,42822.0,3367255,643315.0,22691143,911133.0,9654320,844243,50235,159734.0,540126,3311000.0,188828,91888.0,922228,922228,26681.0,26681.0,26681.0,105756.0,58022.0,1326858.0,204101.0,537840.0,281229.0,153195,1225851.0,237289.0,77128.0,686828.0,597719.0,451552,3523549,7980415.0,1976989,5015466,19590435,613427.0,12301254,801054,159999,1631979.0,2108399.0,986786.0,15115444.0,489724,144339.0,824447,1468003,43540.0,2118779,872637.0,1306915.0,540053.0,113128.0,217300.0,504210.0,12403567,12403567,230010,342300.0,1829484.0,325538.0
